64,war iraq,0.109375,0.72998417,-0.62060917
69,cluster bomb,0.246376812,0.72998417,-0.483607358
73,cluster,0.287671233,0.72998417,-0.442312937
56,british govern,0.321428571,0.72998417,-0.408555599
93,oil,0.408602151,0.72998417,-0.321382019
82,go war,0.43902439,0.72998417,-0.29095978
50,billion,0.44,0.72998417,-0.28998417
50,mani us,0.46,0.72998417,-0.26998417
432,bomb,0.481481481,0.72998417,-0.248502689
81,georg,0.481481481,0.72998417,-0.248502689
95,nuclear weapon,0.484210526,0.72998417,-0.245773644
250,bush,0.488,0.72998417,-0.24198417
67,drop,0.492537313,0.72998417,-0.237446857
104,court,0.5,0.72998417,-0.22998417
98,conserv,0.5,0.72998417,-0.22998417
444,american,0.511261261,0.72998417,-0.218722909
74,tell us,0.513513514,0.72998417,-0.216470656
68,authoris,0.514705882,0.72998417,-0.215278288
228,administr,0.51754386,0.72998417,-0.21244031
77,fire,0.519480519,0.72998417,-0.210503651
50,unilater,0.52,0.72998417,-0.20998417
1290,war,0.527131783,0.72998417,-0.202852387
68,hous common,0.529411765,0.72998417,-0.200572405
66,chamber,0.53030303,0.72998417,-0.19968114
81,name,0.530864198,0.72998417,-0.199119972
154,opinion,0.532467532,0.72998417,-0.197516638
213,america,0.544600939,0.72998417,-0.185383231
93,prime minister',0.548387097,0.72998417,-0.181597073
122,weapon inspector,0.549180328,0.72998417,-0.180803842
85,pre-empt,0.552941176,0.72998417,-0.177042994
141,listen,0.553191489,0.72998417,-0.176792681
140,labour,0.557142857,0.72998417,-0.172841313
89,human right,0.561797753,0.72998417,-0.168186417
142,inspect,0.563380282,0.72998417,-0.166603888
60,promis,0.566666667,0.72998417,-0.163317503
97,osama bin laden,0.567010309,0.72998417,-0.162973861
51,friend give way,0.568627451,0.72998417,-0.161356719
56,action iraq,0.571428571,0.72998417,-0.158555599
106,minister',0.575471698,0.72998417,-0.154512472
132,presid bush,0.575757576,0.72998417,-0.154226594
99,osama bin,0.575757576,0.72998417,-0.154226594
99,osama,0.575757576,0.72998417,-0.154226594
59,legitim,0.576271186,0.72998417,-0.153712984
50,hon friend give way,0.58,0.72998417,-0.14998417
55,tackl,0.581818182,0.72998417,-0.148165988
103,send,0.582524272,0.72998417,-0.147459898
60,minut,0.583333333,0.72998417,-0.146650837
272,parti,0.584558824,0.72998417,-0.145425346
65,upon,0.584615385,0.72998417,-0.145368785
212,bin laden,0.58490566,0.72998417,-0.14507851
212,laden,0.58490566,0.72998417,-0.14507851
87,veto,0.586206897,0.72998417,-0.143777273
75,reflect,0.586666667,0.72998417,-0.143317503
114,liber democrat,0.587719298,0.72998417,-0.142264872
102,persuad,0.588235294,0.72998417,-0.141748876
51,faith,0.588235294,0.72998417,-0.141748876
192,told,0.588541667,0.72998417,-0.141442503
56,friend give,0.589285714,0.72998417,-0.140698456
54,mandat,0.592592593,0.72998417,-0.137391577
69,favour,0.594202899,0.72998417,-0.135781271
126,oppos,0.595238095,0.72998417,-0.134746075
124,common,0.596774194,0.72998417,-0.133209976
62,mani hon,0.596774194,0.72998417,-0.133209976
154,parliament,0.597402597,0.72998417,-0.132581573
242,refer,0.599173554,0.72998417,-0.130810616
235,bin,0.6,0.72998417,-0.12998417
130,argu,0.6,0.72998417,-0.12998417
65,fall,0.6,0.72998417,-0.12998417
55,hon friend give,0.6,0.72998417,-0.12998417
369,presid,0.601626016,0.72998417,-0.128358154
113,colleagu,0.601769912,0.72998417,-0.128214258
126,agreement,0.603174603,0.72998417,-0.126809567
164,per cent,0.603658537,0.72998417,-0.126325633
53,treat,0.603773585,0.72998417,-0.126210585
53,consensu,0.603773585,0.72998417,-0.126210585
271,vote,0.605166052,0.72998417,-0.124818118
142,human,0.605633803,0.72998417,-0.124350367
165,cent,0.606060606,0.72998417,-0.123923564
66,worth,0.606060606,0.72998417,-0.123923564
173,per,0.606936416,0.72998417,-0.123047754
56,mani hon member,0.607142857,0.72998417,-0.122841313
219,argument,0.607305936,0.72998417,-0.122678234
51,paus,0.607843137,0.72998417,-0.122141033
105,intent,0.60952381,0.72998417,-0.12046036
82,reduc,0.609756098,0.72998417,-0.120228072
77,regim chang,0.61038961,0.72998417,-0.11959456
95,amend,0.610526316,0.72998417,-0.119457854
108,children,0.611111111,0.72998417,-0.118873059
72,tabl,0.611111111,0.72998417,-0.118873059
335,foreign secretari,0.611940299,0.72998417,-0.118043871
67,courag,0.611940299,0.72998417,-0.118043871
67,british troop,0.611940299,0.72998417,-0.118043871
168,islam,0.613095238,0.72998417,-0.116888932
75,goe,0.613333333,0.72998417,-0.116650837
202,nuclear,0.613861386,0.72998417,-0.116122784
195,seem,0.615384615,0.72998417,-0.114599555
78,hour,0.615384615,0.72998417,-0.114599555
65,deputi,0.615384615,0.72998417,-0.114599555
52,mr speaker,0.615384615,0.72998417,-0.114599555
86,atroc,0.61627907,0.72998417,-0.1137051
102,dossier,0.617647059,0.72998417,-0.112337111
55,15,0.618181818,0.72998417,-0.111802352
105,attempt,0.619047619,0.72998417,-0.110936551
142,moral,0.61971831,0.72998417,-0.11026586
153,share,0.620915033,0.72998417,-0.109069137
74,men women,0.621621622,0.72998417,-0.108362548
82,ignor,0.62195122,0.72998417,-0.10803295
53,parliamentari,0.622641509,0.72998417,-0.107342661
53,invad,0.622641509,0.72998417,-0.107342661
53,extend,0.622641509,0.72998417,-0.107342661
542,foreign,0.623616236,0.72998417,-0.106367934
104,strategi,0.625,0.72998417,-0.10498417
72,bench,0.625,0.72998417,-0.10498417
75,sometim,0.626666667,0.72998417,-0.103317503
209,target,0.626794258,0.72998417,-0.103189912
67,access,0.626865672,0.72998417,-0.103118498
59,foreign polici,0.627118644,0.72998417,-0.102865526
59,felt,0.627118644,0.72998417,-0.102865526
59,outcom,0.627118644,0.72998417,-0.102865526
51,sought,0.62745098,0.72998417,-0.10253319
51,northern allianc,0.62745098,0.72998417,-0.10253319
51,raf,0.62745098,0.72998417,-0.10253319
156,thank,0.628205128,0.72998417,-0.101779042
70,event 11,0.628571429,0.72998417,-0.101412741
124,stop,0.629032258,0.72998417,-0.100951912
62,examin,0.629032258,0.72998417,-0.100951912
73,entitl,0.630136986,0.72998417,-0.099847184
119,speaker,0.630252101,0.72998417,-0.099732069
203,democrat,0.630541872,0.72998417,-0.099442298
68,event 11 septemb,0.632352941,0.72998417,-0.097631229
79,crime,0.632911392,0.72998417,-0.097072778
1406,us,0.633001422,0.72998417,-0.096982748
120,10,0.633333333,0.72998417,-0.096650837
60,replac,0.633333333,0.72998417,-0.096650837
60,street,0.633333333,0.72998417,-0.096650837
101,die,0.633663366,0.72998417,-0.096320804
872,prime,0.634174312,0.72998417,-0.095809858
52,winter,0.634615385,0.72998417,-0.095368785
271,servic,0.634686347,0.72998417,-0.095297823
241,muslim,0.634854772,0.72998417,-0.095129398
55,hospit,0.636363636,0.72998417,-0.093620534
768,unit state,0.63671875,0.72998417,-0.09326542
102,death,0.637254902,0.72998417,-0.092729268
80,mine,0.6375,0.72998417,-0.09248417
80,justic,0.6375,0.72998417,-0.09248417
127,right hon member,0.637795276,0.72998417,-0.092188894
756,prime minist,0.638888889,0.72998417,-0.091095281
233,tell,0.639484979,0.72998417,-0.090499191
86,lack,0.639534884,0.72998417,-0.090449286
86,truth,0.639534884,0.72998417,-0.090449286
275,suggest,0.64,0.72998417,-0.08998417
267,public,0.640449438,0.72998417,-0.089534732
181,liber,0.640883978,0.72998417,-0.089100192
304,danger,0.641447368,0.72998417,-0.088536802
98,realli,0.642857143,0.72998417,-0.087127027
70,valu,0.642857143,0.72998417,-0.087127027
56,add,0.642857143,0.72998417,-0.087127027
101,hear,0.643564356,0.72998417,-0.086419814
101,justifi,0.643564356,0.72998417,-0.086419814
87,spoke,0.643678161,0.72998417,-0.086306009
59,hon gentleman give way,0.644067797,0.72998417,-0.085916373
180,speak,0.644444444,0.72998417,-0.085539726
93,cost,0.64516129,0.72998417,-0.08482288
79,lot,0.64556962,0.72998417,-0.08441455
79,brief,0.64556962,0.72998417,-0.08441455
127,motion,0.645669291,0.72998417,-0.084314879
130,europ,0.646153846,0.72998417,-0.083830324
153,regard,0.647058824,0.72998417,-0.082925346
105,union,0.647619048,0.72998417,-0.082365122
108,among,0.648148148,0.72998417,-0.081836022
54,russia,0.648148148,0.72998417,-0.081836022
617,british,0.648298217,0.72998417,-0.081685953
111,kind,0.648648649,0.72998417,-0.081335521
456,concern,0.649122807,0.72998417,-0.080861363
57,map,0.649122807,0.72998417,-0.080861363
80,probabl,0.65,0.72998417,-0.07998417
60,member north-east,0.65,0.72998417,-0.07998417
163,decid,0.650306748,0.72998417,-0.079677422
535,militari action,0.65046729,0.72998417,-0.07951688
106,road,0.650943396,0.72998417,-0.079040774
278,present,0.651079137,0.72998417,-0.078905033
129,kosovo,0.651162791,0.72998417,-0.078821379
129,chanc,0.651162791,0.72998417,-0.078821379
109,evil,0.651376147,0.72998417,-0.078608023
66,accord,0.651515152,0.72998417,-0.078469018
66,adopt,0.651515152,0.72998417,-0.078469018
66,british peopl,0.651515152,0.72998417,-0.078469018
411,troop,0.652068127,0.72998417,-0.077916043
161,women,0.652173913,0.72998417,-0.077810257
92,former,0.652173913,0.72998417,-0.077810257
69,crimin,0.652173913,0.72998417,-0.077810257
338,consid,0.653846154,0.72998417,-0.076138016
55,perman,0.654545455,0.72998417,-0.075438715
87,convent,0.655172414,0.72998417,-0.074811756
90,missil defenc,0.655555556,0.72998417,-0.074428614
61,massiv,0.655737705,0.72998417,-0.074246465
61,prime minist said,0.655737705,0.72998417,-0.074246465
93,genuin,0.655913978,0.72998417,-0.074070192
93,huge,0.655913978,0.72998417,-0.074070192
131,intern law,0.65648855,0.72998417,-0.07349562
67,wonder,0.656716418,0.72998417,-0.073267752
1046,secretari,0.656787763,0.72998417,-0.073196407
70,march,0.657142857,0.72998417,-0.072841313
108,join,0.657407407,0.72998417,-0.072576763
468,even,0.658119658,0.72998417,-0.071864512
1197,minist,0.658312448,0.72998417,-0.071671722
82,acknowledg,0.658536585,0.72998417,-0.071447585
170,britain,0.658823529,0.72998417,-0.071160641
223,civilian,0.659192825,0.72998417,-0.070791345
223,give way,0.659192825,0.72998417,-0.070791345
138,form,0.65942029,0.72998417,-0.07056388
50,implic,0.66,0.72998417,-0.06998417
406,inspector,0.660098522,0.72998417,-0.069885648
345,without,0.660869565,0.72998417,-0.069114605
59,project,0.661016949,0.72998417,-0.068967221
62,surpris,0.661290323,0.72998417,-0.068693847
62,great deal,0.661290323,0.72998417,-0.068693847
65,gentleman give way,0.661538462,0.72998417,-0.068445708
139,throughout,0.661870504,0.72998417,-0.068113666
231,right hon gentleman,0.662337662,0.72998417,-0.067646508
77,substanti,0.662337662,0.72998417,-0.067646508
80,undermin,0.6625,0.72998417,-0.06748417
249,wish,0.662650602,0.72998417,-0.067333568
92,appli,0.663043478,0.72998417,-0.066940692
125,press,0.664,0.72998417,-0.06598417
167,read,0.664670659,0.72998417,-0.065313511
182,ground,0.664835165,0.72998417,-0.065149005
185,base,0.664864865,0.72998417,-0.065119305
191,pakistan,0.664921466,0.72998417,-0.065062704
401,attack,0.665835411,0.72998417,-0.064148759
1041,weapon,0.666666667,0.72998417,-0.063317503
168,feel,0.666666667,0.72998417,-0.063317503
114,thousand,0.666666667,0.72998417,-0.063317503
102,front,0.666666667,0.72998417,-0.063317503
90,spend,0.666666667,0.72998417,-0.063317503
81,worri,0.666666667,0.72998417,-0.063317503
78,popul,0.666666667,0.72998417,-0.063317503
75,compani,0.666666667,0.72998417,-0.063317503
63,list,0.666666667,0.72998417,-0.063317503
63,impact,0.666666667,0.72998417,-0.063317503
60,korea,0.666666667,0.72998417,-0.063317503
54,baghdad,0.666666667,0.72998417,-0.063317503
54,anthrax,0.666666667,0.72998417,-0.063317503
761,go,0.667542707,0.72998417,-0.062441463
289,campaign,0.667820069,0.72998417,-0.062164101
275,evid,0.669090909,0.72998417,-0.060893261
127,confirm,0.669291339,0.72998417,-0.060692831
215,express,0.669767442,0.72998417,-0.060216728
100,damag,0.67,0.72998417,-0.05998417
346,might,0.670520231,0.72998417,-0.059463939
167,begin,0.670658683,0.72998417,-0.059325487
1595,govern,0.670846395,0.72998417,-0.059137775
76,central,0.671052632,0.72998417,-0.058931538
76,medic,0.671052632,0.72998417,-0.058931538
70,minist said,0.671428571,0.72998417,-0.058555599
67,despit,0.671641791,0.72998417,-0.058342379
128,appear,0.671875,0.72998417,-0.05810917
64,alon,0.671875,0.72998417,-0.05810917
244,constitu,0.672131148,0.72998417,-0.057853022
61,spent,0.672131148,0.72998417,-0.057853022
174,wrong,0.672413793,0.72998417,-0.057570377
55,sent,0.672727273,0.72998417,-0.057256897
55,cold,0.672727273,0.72998417,-0.057256897
52,desper,0.673076923,0.72998417,-0.056907247
52,north korea,0.673076923,0.72998417,-0.056907247
89,rest,0.674157303,0.72998417,-0.055826867
525,secretari state,0.674285714,0.72998417,-0.055698456
83,mani peopl,0.674698795,0.72998417,-0.055285375
68,free,0.676470588,0.72998417,-0.053513582
133,creat,0.676691729,0.72998417,-0.053292441
62,imposs,0.677419355,0.72998417,-0.052564815
428,fact,0.677570093,0.72998417,-0.052414077
59,prison,0.677966102,0.72998417,-0.052018068
1265,iraq,0.67826087,0.72998417,-0.0517233
84,affect,0.678571429,0.72998417,-0.051412741
56,militari forc,0.678571429,0.72998417,-0.051412741
856,hon member,0.678738318,0.72998417,-0.051245852
53,side hous,0.679245283,0.72998417,-0.050738887
197,best,0.680203046,0.72998417,-0.049781124
1204,countri,0.680232558,0.72998417,-0.049751612
182,least,0.681318681,0.72998417,-0.048665489
91,test,0.681318681,0.72998417,-0.048665489
66,hon gentleman give,0.681818182,0.72998417,-0.048165988
173,mention,0.682080925,0.72998417,-0.047903245
428,view,0.682242991,0.72998417,-0.047741179
63,appal,0.682539683,0.72998417,-0.047444487
1415,action,0.682685512,0.72998417,-0.047298658
101,rule,0.683168317,0.72998417,-0.046815853
458,given,0.683406114,0.72998417,-0.046578056
1074,mani,0.683426443,0.72998417,-0.046557727
215,west,0.68372093,0.72998417,-0.04626324
117,link,0.683760684,0.72998417,-0.046223486
114,outsid,0.684210526,0.72998417,-0.045773644
76,consult,0.684210526,0.72998417,-0.045773644
76,associ,0.684210526,0.72998417,-0.045773644
276,talk,0.684782609,0.72998417,-0.045201561
327,polit,0.685015291,0.72998417,-0.044968879
235,coalit,0.685106383,0.72998417,-0.044877787
216,consequ,0.685185185,0.72998417,-0.044798985
54,rogu state,0.685185185,0.72998417,-0.044798985
54,enter,0.685185185,0.72998417,-0.044798985
143,intervent,0.685314685,0.72998417,-0.044669485
773,un,0.685640362,0.72998417,-0.044343808
188,three,0.686170213,0.72998417,-0.043813957
1275,militari,0.68627451,0.72998417,-0.04370966
67,north-east,0.686567164,0.72998417,-0.043417006
495,arm,0.686868687,0.72998417,-0.043115483
115,rout,0.686956522,0.72998417,-0.043027648
179,real,0.687150838,0.72998417,-0.042833332
1842,unit,0.687296417,0.72998417,-0.042687753
112,last week,0.6875,0.72998417,-0.04248417
96,trade,0.6875,0.72998417,-0.04248417
509,whether,0.68762279,0.72998417,-0.04236138
968,world,0.688016529,0.72998417,-0.041967641
61,focu,0.68852459,0.72998417,-0.04145958
61,connect,0.68852459,0.72998417,-0.04145958
74,today',0.689189189,0.72998417,-0.040794981
116,often,0.689655172,0.72998417,-0.040328998
87,pleas,0.689655172,0.72998417,-0.040328998
58,capac,0.689655172,0.72998417,-0.040328998
100,came,0.69,0.72998417,-0.03998417
84,advanc,0.69047619,0.72998417,-0.03950798
97,remind,0.690721649,0.72998417,-0.039262521
288,event,0.690972222,0.72998417,-0.039011948
136,legal,0.691176471,0.72998417,-0.038807699
68,mission,0.691176471,0.72998417,-0.038807699
81,withdraw,0.691358025,0.72998417,-0.038626145
107,principl,0.691588785,0.72998417,-0.038395385
276,although,0.692028986,0.72998417,-0.037955184
468,destruct,0.692307692,0.72998417,-0.037676478
65,offici,0.692307692,0.72998417,-0.037676478
127,control,0.692913386,0.72998417,-0.037070784
137,hon learn,0.693430657,0.72998417,-0.036553513
62,aspect,0.693548387,0.72998417,-0.036435783
803,mr,0.693648817,0.72998417,-0.036335353
85,sanction,0.694117647,0.72998417,-0.035866523
121,let us,0.694214876,0.72998417,-0.035769294
157,less,0.694267516,0.72998417,-0.035716654
108,record,0.694444444,0.72998417,-0.035539726
72,gentleman give,0.694444444,0.72998417,-0.035539726
197,heard,0.695431472,0.72998417,-0.034552698
2004,member,0.695608782,0.72998417,-0.034375388
115,brought,0.695652174,0.72998417,-0.034331996
92,inevit,0.695652174,0.72998417,-0.034331996
125,TRUE,0.696,0.72998417,-0.03398417
431,put,0.696055684,0.72998417,-0.033928486
79,convinc,0.696202532,0.72998417,-0.033781638
66,conclud,0.696969697,0.72998417,-0.033014473
175,offic,0.697142857,0.72998417,-0.032841313
2035,state,0.697297297,0.72998417,-0.032686873
76,gone,0.697368421,0.72998417,-0.032615749
96,conduct,0.697916667,0.72998417,-0.032067503
53,civilian casualti,0.698113208,0.72998417,-0.031870962
295,speech,0.698305085,0.72998417,-0.031679085
73,freedom,0.698630137,0.72998417,-0.031354033
73,enemi,0.698630137,0.72998417,-0.031354033
352,statement,0.698863636,0.72998417,-0.031120534
176,increas,0.698863636,0.72998417,-0.031120534
2122,would,0.698868992,0.72998417,-0.031115178
445,mass,0.698876404,0.72998417,-0.031107766
372,allow,0.698924731,0.72998417,-0.031059439
877,use,0.698973774,0.72998417,-0.031010396
113,fear,0.699115044,0.72998417,-0.030869126
559,ask,0.699463327,0.72998417,-0.030520843
396,mass destruct,0.699494949,0.72998417,-0.030489221
323,11-Sep,0.699690402,0.72998417,-0.030293768
390,weapon mass destruct,0.7,0.72998417,-0.02998417
170,expect,0.7,0.72998417,-0.02998417
100,democraci,0.7,0.72998417,-0.02998417
60,confer,0.7,0.72998417,-0.02998417
60,use forc,0.7,0.72998417,-0.02998417
60,chemic weapon,0.7,0.72998417,-0.02998417
60,sorri,0.7,0.72998417,-0.02998417
60,old,0.7,0.72998417,-0.02998417
50,deepli,0.7,0.72998417,-0.02998417
50,cross,0.7,0.72998417,-0.02998417
237,order,0.700421941,0.72998417,-0.029562229
97,blix,0.701030928,0.72998417,-0.028953242
402,weapon mass,0.701492537,0.72998417,-0.028491633
67,behind,0.701492537,0.72998417,-0.028491633
171,seen,0.701754386,0.72998417,-0.028229784
161,extrem,0.701863354,0.72998417,-0.028120816
94,urg,0.70212766,0.72998417,-0.02785651
618,last,0.702265372,0.72998417,-0.027718798
111,hold,0.702702703,0.72998417,-0.027281467
111,casualti,0.702702703,0.72998417,-0.027281467
101,right hon learn,0.702970297,0.72998417,-0.027013873
623,unit nation,0.703049759,0.72998417,-0.026934411
64,young,0.703125,0.72998417,-0.02685917
64,elect,0.703125,0.72998417,-0.02685917
756,may,0.703703704,0.72998417,-0.026280466
108,allianc,0.703703704,0.72998417,-0.026280466
54,state intern,0.703703704,0.72998417,-0.026280466
206,leader,0.703883495,0.72998417,-0.026100675
385,east,0.703896104,0.72998417,-0.026088066
125,found,0.704,0.72998417,-0.02598417
98,home secretari,0.704081633,0.72998417,-0.025902537
88,staff,0.704545455,0.72998417,-0.025438715
105,whose,0.704761905,0.72998417,-0.025222265
78,total,0.705128205,0.72998417,-0.024855965
367,11,0.705722071,0.72998417,-0.024262099
68,western,0.705882353,0.72998417,-0.024101817
51,deterr,0.705882353,0.72998417,-0.024101817
327,middl east,0.706422018,0.72998417,-0.023562152
450,accept,0.706666667,0.72998417,-0.023317503
75,gulf war,0.706666667,0.72998417,-0.023317503
75,prove,0.706666667,0.72998417,-0.023317503
75,warn,0.706666667,0.72998417,-0.023317503
1057,nation,0.706717124,0.72998417,-0.023267046
406,septemb,0.706896552,0.72998417,-0.023087618
116,receiv,0.706896552,0.72998417,-0.023087618
58,night,0.706896552,0.72998417,-0.023087618
761,defenc,0.70696452,0.72998417,-0.02301965
157,across,0.707006369,0.72998417,-0.022977801
246,aid,0.707317073,0.72998417,-0.022667097
123,iran,0.707317073,0.72998417,-0.022667097
82,dictat,0.707317073,0.72998417,-0.022667097
65,tomorrow,0.707692308,0.72998417,-0.022291862
397,see,0.707808564,0.72998417,-0.022175606
161,describ,0.708074534,0.72998417,-0.021909636
144,land,0.708333333,0.72998417,-0.021650837
96,exactli,0.708333333,0.72998417,-0.021650837
96,man,0.708333333,0.72998417,-0.021650837
230,anoth,0.708695652,0.72998417,-0.021288518
103,sharon,0.708737864,0.72998417,-0.021246306
189,becom,0.708994709,0.72998417,-0.020989461
688,could,0.709302326,0.72998417,-0.020681844
62,half,0.709677419,0.72998417,-0.020306751
176,start,0.710227273,0.72998417,-0.019756897
107,diplomat,0.710280374,0.72998417,-0.019703796
107,take place,0.710280374,0.72998417,-0.019703796
359,middl,0.710306407,0.72998417,-0.019677763
411,case,0.710462287,0.72998417,-0.019521883
76,ahead,0.710526316,0.72998417,-0.019457854
166,mind,0.710843373,0.72998417,-0.019140797
97,threaten,0.711340206,0.72998417,-0.018643964
52,sit,0.711538462,0.72998417,-0.018445708
52,prioriti,0.711538462,0.72998417,-0.018445708
229,rather,0.711790393,0.72998417,-0.018193777
753,believ,0.711819389,0.72998417,-0.018164781
59,appreci,0.711864407,0.72998417,-0.018119763
243,opposit,0.711934156,0.72998417,-0.018050014
73,similar,0.712328767,0.72998417,-0.017655403
195,propos,0.712820513,0.72998417,-0.017163657
216,major,0.712962963,0.72998417,-0.017021207
108,strike,0.712962963,0.72998417,-0.017021207
1087,said,0.712971481,0.72998417,-0.017012689
669,question,0.713004484,0.72998417,-0.016979686
1185,right hon,0.713080169,0.72998417,-0.016904001
258,doubt,0.713178295,0.72998417,-0.016805875
415,posit,0.713253012,0.72998417,-0.016731158
293,second,0.71331058,0.72998417,-0.01667359
150,around,0.713333333,0.72998417,-0.016650837
164,un resolut,0.713414634,0.72998417,-0.016569536
231,yet,0.714285714,0.72998417,-0.015698456
154,famili,0.714285714,0.72998417,-0.015698456
140,rememb,0.714285714,0.72998417,-0.015698456
119,line,0.714285714,0.72998417,-0.015698456
112,altern,0.714285714,0.72998417,-0.015698456
98,earli,0.714285714,0.72998417,-0.015698456
56,newspap,0.714285714,0.72998417,-0.015698456
1275,support,0.714509804,0.72998417,-0.015474366
116,either,0.715517241,0.72998417,-0.014466929
1260,intern,0.715873016,0.72998417,-0.014111154
81,citizen,0.716049383,0.72998417,-0.013934787
60,though,0.716666667,0.72998417,-0.013317503
53,particip,0.716981132,0.72998417,-0.013003038
357,great,0.717086835,0.72998417,-0.012897335
184,comment,0.717391304,0.72998417,-0.012592866
131,solut,0.717557252,0.72998417,-0.012426918
1997,right,0.717576365,0.72998417,-0.012407805
124,pursu,0.717741935,0.72998417,-0.012242235
117,anyon,0.717948718,0.72998417,-0.012035452
78,none,0.717948718,0.72998417,-0.012035452
110,certain,0.718181818,0.72998417,-0.011802352
71,condemn,0.718309859,0.72998417,-0.011674311
121,demonstr,0.719008264,0.72998417,-0.010975906
210,return,0.719047619,0.72998417,-0.010936551
57,observ,0.719298246,0.72998417,-0.010685924
57,correct,0.719298246,0.72998417,-0.010685924
196,kill,0.719387755,0.72998417,-0.010596415
1276,one,0.719435737,0.72998417,-0.010548433
86,suspect,0.720930233,0.72998417,-0.009053937
86,influenc,0.720930233,0.72998417,-0.009053937
373,day,0.721179625,0.72998417,-0.008804545
122,reach,0.721311475,0.72998417,-0.008672695
79,last year,0.721518987,0.72998417,-0.008465183
79,personnel,0.721518987,0.72998417,-0.008465183
79,ministri,0.721518987,0.72998417,-0.008465183
345,reason,0.72173913,0.72998417,-0.00824504
133,document,0.721804511,0.72998417,-0.008179659
133,especi,0.721804511,0.72998417,-0.008179659
788,howev,0.722081218,0.72998417,-0.007902952
126,south,0.722222222,0.72998417,-0.007761948
90,els,0.722222222,0.72998417,-0.007761948
227,never,0.72246696,0.72998417,-0.00751721
220,european,0.722727273,0.72998417,-0.007256897
101,wider,0.722772277,0.72998417,-0.007211893
184,word,0.722826087,0.72998417,-0.007158083
65,scale,0.723076923,0.72998417,-0.006907247
65,global,0.723076923,0.72998417,-0.006907247
300,inde,0.723333333,0.72998417,-0.006650837
376,report,0.723404255,0.72998417,-0.006579915
94,terribl,0.723404255,0.72998417,-0.006579915
720,want,0.723611111,0.72998417,-0.006373059
105,quit,0.723809524,0.72998417,-0.006174646
134,occas,0.723880597,0.72998417,-0.006103573
87,beyond,0.724137931,0.72998417,-0.005846239
87,equal,0.724137931,0.72998417,-0.005846239
58,provis,0.724137931,0.72998417,-0.005846239
573,think,0.72425829,0.72998417,-0.00572588
243,other,0.724279835,0.72998417,-0.005704335
167,uk,0.724550898,0.72998417,-0.005433272
305,interest,0.724590164,0.72998417,-0.005394006
69,extent,0.724637681,0.72998417,-0.005346489
454,possibl,0.724669604,0.72998417,-0.005314566
109,almost,0.724770642,0.72998417,-0.005213528
109,palestin,0.724770642,0.72998417,-0.005213528
189,show,0.724867725,0.72998417,-0.005116445
80,20,0.725,0.72998417,-0.00498417
171,offer,0.725146199,0.72998417,-0.004837971
131,pressur,0.72519084,0.72998417,-0.00479333
306,call,0.725490196,0.72998417,-0.004493974
51,jenin,0.725490196,0.72998417,-0.004493974
113,left,0.725663717,0.72998417,-0.004320453
299,still,0.725752508,0.72998417,-0.004231662
186,fight,0.725806452,0.72998417,-0.004177718
62,defeat,0.725806452,0.72998417,-0.004177718
62,rogu,0.725806452,0.72998417,-0.004177718
135,northern,0.725925926,0.72998417,-0.004058244
146,enough,0.726027397,0.72998417,-0.003956773
95,duti,0.726315789,0.72998417,-0.003668381
791,know,0.726927939,0.72998417,-0.003056231
1778,peopl,0.727221597,0.72998417,-0.002762573
154,intellig,0.727272727,0.72998417,-0.002711443
143,yesterday,0.727272727,0.72998417,-0.002711443
66,ministri defenc,0.727272727,0.72998417,-0.002711443
55,west bank,0.727272727,0.72998417,-0.002711443
283,thing,0.727915194,0.72998417,-0.002068976
261,gener,0.727969349,0.72998417,-0.002014821
287,law,0.728222997,0.72998417,-0.001761173
92,sign,0.72826087,0.72998417,-0.0017233
92,held,0.72826087,0.72998417,-0.0017233
718,debat,0.728412256,0.72998417,-0.001571914
273,welcom,0.728937729,0.72998417,-0.001046441
107,dr,0.728971963,0.72998417,-0.001012207
85,articl,0.729411765,0.72998417,-0.000572405
1168,time,0.729452055,0.72998417,-0.000532115
148,subject,0.72972973,0.72998417,-0.00025444
74,un secur council,0.72972973,0.72998417,-0.00025444
74,un secur,0.72972973,0.72998417,-0.00025444
74,european union,0.72972973,0.72998417,-0.00025444
63,state defenc,0.73015873,0.72998417,0.00017456
341,humanitarian,0.730205279,0.72998417,0.000221109
89,lie,0.730337079,0.72998417,0.000352909
141,togeth,0.730496454,0.72998417,0.000512284
78,suffici,0.730769231,0.72998417,0.000785061
52,constitut,0.730769231,0.72998417,0.000785061
446,week,0.730941704,0.72998417,0.000957534
119,legisl,0.731092437,0.72998417,0.001108267
67,relationship,0.731343284,0.72998417,0.001359114
123,contain,0.731707317,0.72998417,0.001723147
82,everyon,0.731707317,0.72998417,0.001723147
97,limit,0.731958763,0.72998417,0.001974593
1419,must,0.732205779,0.72998417,0.002221609
303,prepar,0.732673267,0.72998417,0.002689097
116,demand,0.732758621,0.72998417,0.002774451
146,basi,0.732876712,0.72998417,0.002892542
135,french,0.733333333,0.72998417,0.003349163
75,peopl afghanistan,0.733333333,0.72998417,0.003349163
60,late,0.733333333,0.72998417,0.003349163
60,third,0.733333333,0.72998417,0.003349163
60,separ,0.733333333,0.72998417,0.003349163
60,cover,0.733333333,0.72998417,0.003349163
383,polici,0.733681462,0.72998417,0.003697292
541,like,0.733826248,0.72998417,0.003842078
94,led,0.734042553,0.72998417,0.004058383
94,essenti,0.734042553,0.72998417,0.004058383
211,government',0.734597156,0.72998417,0.004612986
279,object,0.734767025,0.72998417,0.004782855
1365,hous,0.734798535,0.72998417,0.004814365
181,north,0.73480663,0.72998417,0.00482246
181,awar,0.73480663,0.72998417,0.00482246
83,recal,0.734939759,0.72998417,0.004955589
68,york,0.735294118,0.72998417,0.005309948
68,variou,0.735294118,0.72998417,0.005309948
155,money,0.735483871,0.72998417,0.005499701
208,perhap,0.735576923,0.72998417,0.005592753
208,simpli,0.735576923,0.72998417,0.005592753
53,lost,0.735849057,0.72998417,0.005864887
716,give,0.73603352,0.72998417,0.00604935
144,life,0.736111111,0.72998417,0.006126941
72,chairman,0.736111111,0.72998417,0.006126941
72,someon,0.736111111,0.72998417,0.006126941
254,caus,0.736220472,0.72998417,0.006236302
91,iraq',0.736263736,0.72998417,0.006279566
292,far,0.73630137,0.72998417,0.0063172
239,learn,0.736401674,0.72998417,0.006417504
129,innoc,0.736434109,0.72998417,0.006449939
209,success,0.736842105,0.72998417,0.006857935
76,got,0.736842105,0.72998417,0.006857935
76,judgment,0.736842105,0.72998417,0.006857935
57,interven,0.736842105,0.72998417,0.006857935
255,ago,0.737254902,0.72998417,0.007270732
377,conflict,0.737400531,0.72998417,0.007416361
221,risk,0.737556561,0.72998417,0.007572391
141,men,0.737588652,0.72998417,0.007604482
507,get,0.737672584,0.72998417,0.007688414
61,safe,0.737704918,0.72998417,0.007720748
61,health,0.737704918,0.72998417,0.007720748
145,someth,0.737931034,0.72998417,0.007946864
191,engag,0.738219895,0.72998417,0.008235725
107,publish,0.738317757,0.72998417,0.008333587
65,biolog weapon,0.738461538,0.72998417,0.008477368
65,deni,0.738461538,0.72998417,0.008477368
199,within,0.738693467,0.72998417,0.008709297
789,also,0.738910013,0.72998417,0.008925843
549,agre,0.739526412,0.72998417,0.009542242
941,way,0.739638682,0.72998417,0.009654512
73,partner,0.739726027,0.72998417,0.009741857
73,would like,0.739726027,0.72998417,0.009741857
50,unit nation resolut,0.74,0.72998417,0.01001583
50,nation resolut,0.74,0.72998417,0.01001583
50,impress,0.74,0.72998417,0.01001583
327,develop,0.740061162,0.72998417,0.010076992
158,aim,0.740506329,0.72998417,0.010522159
343,sure,0.740524781,0.72998417,0.010540611
297,alreadi,0.740740741,0.72998417,0.010756571
189,term,0.740740741,0.72998417,0.010756571
81,refus,0.740740741,0.72998417,0.010756571
54,humanitarian aid,0.740740741,0.72998417,0.010756571
85,diplomaci,0.741176471,0.72998417,0.011192301
58,wors,0.74137931,0.72998417,0.01139514
120,keep,0.741666667,0.72998417,0.011682497
364,chang,0.741758242,0.72998417,0.011774072
93,amount,0.741935484,0.72998417,0.011951314
93,initi,0.741935484,0.72998417,0.011951314
93,hard,0.741935484,0.72998417,0.011951314
97,franc,0.742268041,0.72998417,0.012283871
140,precis,0.742857143,0.72998417,0.012872973
140,address,0.742857143,0.72998417,0.012872973
288,follow,0.743055556,0.72998417,0.013071386
109,high,0.743119266,0.72998417,0.013135096
183,consider,0.743169399,0.72998417,0.013185229
74,endors,0.743243243,0.72998417,0.013259073
523,today,0.743785851,0.72998417,0.013801681
168,result,0.744047619,0.72998417,0.014063449
594,right hon friend,0.744107744,0.72998417,0.014123574
219,missil,0.744292237,0.72998417,0.014308067
94,intend,0.744680851,0.72998417,0.014696681
333,power,0.744744745,0.72998417,0.014760575
341,involv,0.744868035,0.72998417,0.014883865
110,claim,0.745454545,0.72998417,0.015470375
169,destroy,0.74556213,0.72998417,0.01557796
169,gulf,0.74556213,0.72998417,0.01557796
177,earlier,0.745762712,0.72998417,0.015778542
177,approach,0.745762712,0.72998417,0.015778542
59,soon,0.745762712,0.72998417,0.015778542
59,assembl,0.745762712,0.72998417,0.015778542
63,bodi,0.746031746,0.72998417,0.016047576
197,circumst,0.746192893,0.72998417,0.016208723
201,better,0.746268657,0.72998417,0.016284487
71,light,0.746478873,0.72998417,0.016494703
407,understand,0.746928747,0.72998417,0.016944577
174,repres,0.747126437,0.72998417,0.017142267
388,set,0.74742268,0.72998417,0.01743851
103,sort,0.747572816,0.72998417,0.017588646
214,whole,0.747663551,0.72998417,0.017679381
115,leav,0.747826087,0.72998417,0.017841917
259,current,0.749034749,0.72998417,0.019050579
941,made,0.749202976,0.72998417,0.019218806
640,hussein,0.75,0.72998417,0.02001583
548,much,0.75,0.72998417,0.02001583
308,recent,0.75,0.72998417,0.02001583
244,certainli,0.75,0.72998417,0.02001583
216,relat,0.75,0.72998417,0.02001583
156,visit,0.75,0.72998417,0.02001583
144,open,0.75,0.72998417,0.02001583
60,citi,0.75,0.72998417,0.02001583
56,institut,0.75,0.72998417,0.02001583
321,effect,0.750778816,0.72998417,0.020794646
626,saddam hussein,0.750798722,0.72998417,0.020814552
463,matter,0.75161987,0.72998417,0.0216357
476,place,0.75210084,0.72998417,0.02211667
93,encourag,0.752688172,0.72998417,0.022704002
259,plan,0.752895753,0.72998417,0.022911583
77,guarante,0.753246753,0.72998417,0.023262583
73,identifi,0.753424658,0.72998417,0.023440488
73,defend,0.753424658,0.72998417,0.023440488
73,flood defenc,0.753424658,0.72998417,0.023440488
73,recruit,0.753424658,0.72998417,0.023440488
280,unit kingdom,0.753571429,0.72998417,0.023587259
281,kingdom,0.754448399,0.72998417,0.024464229
689,issu,0.754716981,0.72998417,0.024732811
53,happi,0.754716981,0.72998417,0.024732811
53,middl east peac process,0.754716981,0.72998417,0.024732811
53,east peac process,0.754716981,0.72998417,0.024732811
94,serious,0.755319149,0.72998417,0.025334979
90,murder,0.755555556,0.72998417,0.025571386
176,chemic,0.755681818,0.72998417,0.025697648
82,saw,0.756097561,0.72998417,0.026113391
82,bear,0.756097561,0.72998417,0.026113391
234,alway,0.756410256,0.72998417,0.026426086
1072,say,0.756529851,0.72998417,0.026545681
1031,take,0.756547042,0.72998417,0.026562872
189,lead,0.756613757,0.72998417,0.026629587
148,alli,0.756756757,0.72998417,0.026772587
288,area,0.756944444,0.72998417,0.026960274
107,declar,0.757009346,0.72998417,0.027025176
140,stage,0.757142857,0.72998417,0.027158687
70,will,0.757142857,0.72998417,0.027158687
70,abil,0.757142857,0.72998417,0.027158687
383,situat,0.757180157,0.72998417,0.027195987
136,job,0.757352941,0.72998417,0.027368771
66,morn,0.757575758,0.72998417,0.027591588
128,settlement,0.7578125,0.72998417,0.02782833
958,make,0.75782881,0.72998417,0.02784464
566,hope,0.75795053,0.72998417,0.02796636
124,toward,0.758064516,0.72998417,0.028080346
3292,hon,0.758201701,0.72998417,0.028217531
120,intern terror,0.758333333,0.72998417,0.028349163
174,noth,0.75862069,0.72998417,0.02863652
87,repeat,0.75862069,0.72998417,0.02863652
54,desir,0.759259259,0.72998417,0.029275089
54,middl east peac,0.759259259,0.72998417,0.029275089
54,east peac,0.759259259,0.72998417,0.029275089
79,everyth,0.759493671,0.72998417,0.029509501
50,deserv,0.76,0.72998417,0.03001583
146,away,0.760273973,0.72998417,0.030289803
121,sever,0.760330579,0.72998417,0.030346409
313,arm forc,0.760383387,0.72998417,0.030399217
192,thought,0.760416667,0.72998417,0.030432497
71,behalf,0.76056338,0.72998417,0.03057921
117,four,0.760683761,0.72998417,0.030699591
163,next,0.760736196,0.72998417,0.030752026
465,taken,0.761290323,0.72998417,0.031306153
88,action taken,0.761363636,0.72998417,0.031379466
482,happen,0.761410788,0.72998417,0.031426618
663,hon gentleman,0.761689291,0.72998417,0.031705121
105,second resolut,0.761904762,0.72998417,0.031920592
63,1998,0.761904762,0.72998417,0.031920592
63,highli,0.761904762,0.72998417,0.031920592
122,arafat,0.762295082,0.72998417,0.032310912
320,month,0.7625,0.72998417,0.03251583
135,larg,0.762962963,0.72998417,0.032978793
135,announc,0.762962963,0.72998417,0.032978793
435,friend member,0.763218391,0.72998417,0.033234221
93,saudi,0.76344086,0.72998417,0.03345669
110,consist,0.763636364,0.72998417,0.033652194
110,person,0.763636364,0.72998417,0.033652194
199,move,0.763819095,0.72998417,0.033834925
72,bill,0.763888889,0.72998417,0.033904719
72,six,0.763888889,0.72998417,0.033904719
89,soldier,0.764044944,0.72998417,0.034060774
106,kabul,0.764150943,0.72998417,0.034166773
174,absolut,0.764367816,0.72998417,0.034383646
858,year,0.764568765,0.72998417,0.034584595
336,includ,0.764880952,0.72998417,0.034896782
264,role,0.765151515,0.72998417,0.035167345
81,note,0.765432099,0.72998417,0.035447929
81,battl,0.765432099,0.72998417,0.035447929
678,terror,0.765486726,0.72998417,0.035502556
145,ever,0.765517241,0.72998417,0.035533071
192,measur,0.765625,0.72998417,0.03564083
192,specif,0.765625,0.72998417,0.03564083
675,clear,0.765925926,0.72998417,0.035941756
94,gave,0.765957447,0.72998417,0.035973277
154,pass,0.766233766,0.72998417,0.036249596
77,elsewher,0.766233766,0.72998417,0.036249596
321,long,0.76635514,0.72998417,0.03637097
107,rightli,0.76635514,0.72998417,0.03637097
107,sens,0.76635514,0.72998417,0.03637097
150,histori,0.766666667,0.72998417,0.036682497
60,ultim,0.766666667,0.72998417,0.036682497
446,secur council,0.766816143,0.72998417,0.036831973
176,carri,0.767045455,0.72998417,0.037061285
159,turn,0.767295597,0.72998417,0.037311427
594,peac,0.767676768,0.72998417,0.037692598
267,bring,0.767790262,0.72998417,0.037806092
56,fair,0.767857143,0.72998417,0.037872973
69,serv,0.768115942,0.72998417,0.038131772
384,differ,0.768229167,0.72998417,0.038244997
164,million,0.768292683,0.72998417,0.038308513
377,tri,0.769230769,0.72998417,0.039246599
143,particularli,0.769230769,0.72998417,0.039246599
91,along,0.769230769,0.72998417,0.039246599
65,fundament,0.769230769,0.72998417,0.039246599
52,tank,0.769230769,0.72998417,0.039246599
542,new,0.769372694,0.72998417,0.039388524
126,prevent,0.76984127,0.72998417,0.0398571
113,suppli,0.769911504,0.72998417,0.039927334
1418,forc,0.770098731,0.72998417,0.040114561
74,intern develop,0.77027027,0.72998417,0.0402861
135,short,0.77037037,0.72998417,0.0403862
183,armi,0.770491803,0.72998417,0.040507633
122,made clear,0.770491803,0.72998417,0.040507633
61,busi,0.770491803,0.72998417,0.040507633
109,nato,0.770642202,0.72998417,0.040658032
275,home,0.770909091,0.72998417,0.040924921
1005,afghanistan,0.771144279,0.72998417,0.041160109
236,committe,0.771186441,0.72998417,0.041202271
118,greater,0.771186441,0.72998417,0.041202271
70,centr,0.771428571,0.72998417,0.041444401
613,import,0.771615008,0.72998417,0.041630838
289,everi,0.771626298,0.72998417,0.041642128
276,good,0.77173913,0.72998417,0.04175496
92,exercis,0.77173913,0.72998417,0.04175496
228,clearli,0.771929825,0.72998417,0.041945655
158,pay,0.772151899,0.72998417,0.042167729
110,run,0.772727273,0.72998417,0.042743103
66,trust,0.772727273,0.72998417,0.042743103
66,independ,0.772727273,0.72998417,0.042743103
97,went,0.773195876,0.72998417,0.043211706
269,find,0.773234201,0.72998417,0.043250031
710,gentleman,0.773239437,0.72998417,0.043255267
472,part,0.773305085,0.72998417,0.043320915
203,particular,0.773399015,0.72998417,0.043414845
852,point,0.773474178,0.72998417,0.043490008
106,year ago,0.773584906,0.72998417,0.043600736
106,take action,0.773584906,0.72998417,0.043600736
53,conting,0.773584906,0.72998417,0.043600736
115,anyth,0.773913043,0.72998417,0.043928873
1501,friend,0.774150566,0.72998417,0.044166396
62,must also,0.774193548,0.72998417,0.044209378
133,took,0.77443609,0.72998417,0.04445192
448,problem,0.774553571,0.72998417,0.044569401
284,answer,0.774647887,0.72998417,0.044663717
311,opportun,0.774919614,0.72998417,0.044935444
387,number,0.775193798,0.72998417,0.045209628
258,sinc,0.775193798,0.72998417,0.045209628
138,littl,0.775362319,0.72998417,0.045378149
138,complet,0.775362319,0.72998417,0.045378149
107,breach,0.775700935,0.72998417,0.045716765
522,council,0.775862069,0.72998417,0.045877899
125,later,0.776,0.72998417,0.04601583
143,biolog,0.776223776,0.72998417,0.046239606
76,leadership,0.776315789,0.72998417,0.046331619
85,request,0.776470588,0.72998417,0.046486418
85,resourc,0.776470588,0.72998417,0.046486418
613,work,0.776508972,0.72998417,0.046524802
309,side,0.776699029,0.72998417,0.046714859
103,enorm,0.776699029,0.72998417,0.046714859
498,first,0.777108434,0.72998417,0.047124264
360,done,0.777777778,0.72998417,0.047793608
90,civil,0.777777778,0.72998417,0.047793608
81,financi,0.777777778,0.72998417,0.047793608
63,shown,0.777777778,0.72998417,0.047793608
63,singl,0.777777778,0.72998417,0.047793608
54,investig,0.777777778,0.72998417,0.047793608
401,process,0.778054863,0.72998417,0.048070693
316,past,0.778481013,0.72998417,0.048496843
529,israel,0.778827977,0.72998417,0.048843807
312,al-qaeda,0.778846154,0.72998417,0.048861984
294,live,0.778911565,0.72998417,0.048927395
95,sustain,0.778947368,0.72998417,0.048963198
59,combat,0.779661017,0.72998417,0.049676847
522,commun,0.779693487,0.72998417,0.049709317
159,whatev,0.779874214,0.72998417,0.049890044
50,prolifer,0.78,0.72998417,0.05001583
141,respond,0.780141844,0.72998417,0.050157674
91,idea,0.78021978,0.72998417,0.05023561
91,secondli,0.78021978,0.72998417,0.05023561
91,previou,0.78021978,0.72998417,0.05023561
578,regim,0.780276817,0.72998417,0.050292647
196,final,0.780612245,0.72998417,0.050628075
196,moment,0.780612245,0.72998417,0.050628075
352,mean,0.78125,0.72998417,0.05126583
64,known,0.78125,0.72998417,0.05126583
412,back,0.781553398,0.72998417,0.051569228
55,iraqi peopl,0.781818182,0.72998417,0.051834012
243,arab,0.781893004,0.72998417,0.051908834
399,hon friend member,0.781954887,0.72998417,0.051970717
78,iraqi regim,0.782051282,0.72998417,0.052067112
299,futur,0.782608696,0.72998417,0.052624526
925,need,0.782702703,0.72998417,0.052718533
341,isra,0.782991202,0.72998417,0.053007032
332,iraqi,0.78313253,0.72998417,0.05314836
83,occur,0.78313253,0.72998417,0.05314836
83,saddam hussein',0.78313253,0.72998417,0.05314836
466,cannot,0.783261803,0.72998417,0.053277633
120,tonight,0.783333333,0.72998417,0.053349163
217,seek,0.783410138,0.72998417,0.053425968
97,messag,0.783505155,0.72998417,0.053520985
522,come,0.783524904,0.72998417,0.053540734
990,secur,0.783838384,0.72998417,0.053854214
338,act,0.784023669,0.72998417,0.054039499
213,seriou,0.784037559,0.72998417,0.054053389
51,degre,0.784313725,0.72998417,0.054329555
51,terrorist organis,0.784313725,0.72998417,0.054329555
51,dr blix,0.784313725,0.72998417,0.054329555
51,firm,0.784313725,0.72998417,0.054329555
65,head,0.784615385,0.72998417,0.054631215
1045,resolut,0.784688995,0.72998417,0.054704825
158,hand,0.784810127,0.72998417,0.054825957
79,draw,0.784810127,0.72998417,0.054825957
392,commit,0.785714286,0.72998417,0.055730116
215,fail,0.786046512,0.72998417,0.056062342
145,progress,0.786206897,0.72998417,0.056222727
178,air,0.786516854,0.72998417,0.056532684
75,advic,0.786666667,0.72998417,0.056682497
75,45 commando,0.786666667,0.72998417,0.056682497
272,achiev,0.786764706,0.72998417,0.056780536
61,appeal,0.786885246,0.72998417,0.056901076
141,explain,0.787234043,0.72998417,0.057249873
414,decis,0.787439614,0.72998417,0.057455444
66,econom,0.787878788,0.72998417,0.057894618
66,manag,0.787878788,0.72998417,0.057894618
85,hussein',0.788235294,0.72998417,0.058251124
463,well,0.788336933,0.72998417,0.058352763
241,organis,0.788381743,0.72998417,0.058397573
312,discuss,0.788461538,0.72998417,0.058477368
52,notic,0.788461538,0.72998417,0.058477368
52,turkey,0.788461538,0.72998417,0.058477368
109,strong,0.788990826,0.72998417,0.059006656
128,option,0.7890625,0.72998417,0.05907833
257,programm,0.789883268,0.72998417,0.059899098
100,attent,0.79,0.72998417,0.06001583
81,main,0.790123457,0.72998417,0.060139287
81,easi,0.790123457,0.72998417,0.060139287
458,two,0.790393013,0.72998417,0.060408843
148,build,0.790540541,0.72998417,0.060556371
129,suffer,0.790697674,0.72998417,0.060713504
86,undertak,0.790697674,0.72998417,0.060713504
153,grate,0.790849673,0.72998417,0.060865503
67,special,0.791044776,0.72998417,0.061060606
235,recognis,0.791489362,0.72998417,0.061505192
96,confid,0.791666667,0.72998417,0.061682497
399,end,0.79197995,0.72998417,0.06199578
178,stand,0.792134831,0.72998417,0.062150661
308,intern commun,0.792207792,0.72998417,0.062223622
314,let,0.792993631,0.72998417,0.063009461
116,12,0.793103448,0.72998417,0.063119278
184,protect,0.793478261,0.72998417,0.063494091
63,saudi arabia,0.793650794,0.72998417,0.063666624
63,lord,0.793650794,0.72998417,0.063666624
68,chemic biolog,0.794117647,0.72998417,0.064133477
195,agenc,0.794871795,0.72998417,0.064887625
78,wait,0.794871795,0.72998417,0.064887625
171,system,0.795321637,0.72998417,0.065337467
264,abl,0.795454545,0.72998417,0.065470375
93,potenti,0.795698925,0.72998417,0.065714755
93,45,0.795698925,0.72998417,0.065714755
142,negoti,0.795774648,0.72998417,0.065790478
1315,hon friend,0.796197719,0.72998417,0.066213549
54,charter,0.796296296,0.72998417,0.066312126
300,difficult,0.796666667,0.72998417,0.066682497
64,arabia,0.796875,0.72998417,0.06689083
138,maintain,0.797101449,0.72998417,0.067117279
222,rais,0.797297297,0.72998417,0.067313127
183,exampl,0.797814208,0.72998417,0.067830038
515,palestinian,0.798058252,0.72998417,0.068074082
104,reserv,0.798076923,0.72998417,0.068092753
175,care,0.8,0.72998417,0.07001583
115,establish,0.8,0.72998417,0.07001583
105,water,0.8,0.72998417,0.07001583
90,select,0.8,0.72998417,0.07001583
65,due,0.8,0.72998417,0.07001583
50,impos,0.8,0.72998417,0.07001583
50,januari,0.8,0.72998417,0.07001583
50,complex,0.8,0.72998417,0.07001583
368,provid,0.801630435,0.72998417,0.071646265
76,mani year,0.802631579,0.72998417,0.072647409
66,peopl iraq,0.803030303,0.72998417,0.073046133
127,longer,0.803149606,0.72998417,0.073165436
56,financ,0.803571429,0.72998417,0.073587259
51,week ago,0.803921569,0.72998417,0.073937399
51,arab world,0.803921569,0.72998417,0.073937399
51,long-term,0.803921569,0.72998417,0.073937399
490,respons,0.804081633,0.72998417,0.074097463
149,entir,0.805369128,0.72998417,0.075384958
62,regret,0.806451613,0.72998417,0.076467443
311,necessari,0.807073955,0.72998417,0.077089785
156,natur,0.807692308,0.72998417,0.077708138
78,select committe,0.807692308,0.72998417,0.077708138
313,author,0.808306709,0.72998417,0.078322539
209,meet,0.80861244,0.72998417,0.07862827
115,bank,0.808695652,0.72998417,0.078711482
136,experi,0.808823529,0.72998417,0.078839359
68,sourc,0.808823529,0.72998417,0.078839359
414,shall,0.809178744,0.72998417,0.079194574
152,signific,0.809210526,0.72998417,0.079226356
105,implement,0.80952381,0.72998417,0.07953964
84,assess,0.80952381,0.72998417,0.07953964
84,violenc,0.80952381,0.72998417,0.07953964
63,sir,0.80952381,0.72998417,0.07953964
100,materi,0.81,0.72998417,0.08001583
79,context,0.810126582,0.72998417,0.080142412
116,individu,0.810344828,0.72998417,0.080360658
58,1991,0.810344828,0.72998417,0.080360658
58,ireland,0.810344828,0.72998417,0.080360658
111,purpos,0.810810811,0.72998417,0.080826641
164,border,0.81097561,0.72998417,0.08099144
53,safeti,0.811320755,0.72998417,0.081336585
53,neither,0.811320755,0.72998417,0.081336585
53,prefer,0.811320755,0.72998417,0.081336585
656,threat,0.8125,0.72998417,0.08251583
225,inform,0.813333333,0.72998417,0.083349163
209,contribut,0.813397129,0.72998417,0.083412959
59,2,0.813559322,0.72998417,0.083575152
199,resolut 1441,0.814070352,0.72998417,0.084086182
490,deploy,0.814285714,0.72998417,0.084301544
345,face,0.814492754,0.72998417,0.084508584
108,addit,0.814814815,0.72998417,0.084830645
81,nation secur,0.814814815,0.72998417,0.084830645
54,invit,0.814814815,0.72998417,0.084830645
1093,saddam,0.815187557,0.72998417,0.085203387
65,proceed,0.815384615,0.72998417,0.085400445
309,effort,0.815533981,0.72998417,0.085549811
163,territori,0.81595092,0.72998417,0.08596675
71,hon ladi,0.816901408,0.72998417,0.086917238
153,local,0.816993464,0.72998417,0.087009294
104,failur,0.817307692,0.72998417,0.087323522
550,deal,0.818181818,0.72998417,0.088197648
121,produc,0.818181818,0.72998417,0.088197648
121,key,0.818181818,0.72998417,0.088197648
110,emerg,0.818181818,0.72998417,0.088197648
110,depart,0.818181818,0.72998417,0.088197648
77,small,0.818181818,0.72998417,0.088197648
66,strongli,0.818181818,0.72998417,0.088197648
55,origin,0.818181818,0.72998417,0.088197648
149,task,0.818791946,0.72998417,0.088807776
127,assist,0.818897638,0.72998417,0.088913468
94,neighbour,0.819148936,0.72998417,0.089164766
72,realiti,0.819444444,0.72998417,0.089460274
133,disarma,0.819548872,0.72998417,0.089564702
61,kuwait,0.819672131,0.72998417,0.089687961
150,equip,0.82,0.72998417,0.09001583
50,benefit,0.82,0.72998417,0.09001583
50,simpl,0.82,0.72998417,0.09001583
50,militari oper,0.82,0.72998417,0.09001583
89,bomber,0.820224719,0.72998417,0.090240549
223,therefor,0.820627803,0.72998417,0.090643633
67,ta,0.820895522,0.72998417,0.090911352
296,look,0.820945946,0.72998417,0.090961776
224,assur,0.821428571,0.72998417,0.091444401
84,dealt,0.821428571,0.72998417,0.091444401
56,knowledg,0.821428571,0.72998417,0.091444401
56,reservist,0.821428571,0.72998417,0.091444401
73,ladi,0.821917808,0.72998417,0.091933638
107,tribut,0.822429907,0.72998417,0.092445737
113,peac process,0.82300885,0.72998417,0.09302468
164,immedi,0.823170732,0.72998417,0.093186562
68,pay tribut,0.823529412,0.72998417,0.093545242
57,urgent,0.824561404,0.72998417,0.094577234
177,food,0.824858757,0.72998417,0.094874587
240,1441,0.825,0.72998417,0.09501583
80,make clear,0.825,0.72998417,0.09501583
143,account,0.825174825,0.72998417,0.095190655
63,relief,0.825396825,0.72998417,0.095412655
86,occupi,0.825581395,0.72998417,0.095597225
264,respect,0.825757576,0.72998417,0.095773406
144,step,0.826388889,0.72998417,0.096404719
75,heart,0.826666667,0.72998417,0.096682497
52,elimin,0.826923077,0.72998417,0.096938907
295,requir,0.827118644,0.72998417,0.097134474
81,met,0.827160494,0.72998417,0.097176324
110,conclus,0.827272727,0.72998417,0.097288557
116,right hon friend member,0.827586207,0.72998417,0.097602037
116,unless,0.827586207,0.72998417,0.097602037
58,field,0.827586207,0.72998417,0.097602037
93,gentleman',0.827956989,0.72998417,0.097972819
99,stabil,0.828282828,0.72998417,0.098298658
205,capabl,0.829268293,0.72998417,0.099284123
112,direct,0.830357143,0.72998417,0.100372973
382,taliban,0.832460733,0.72998417,0.102476563
96,strateg,0.833333333,0.72998417,0.103349163
84,network,0.833333333,0.72998417,0.103349163
66,figur,0.833333333,0.72998417,0.103349163
60,point made,0.833333333,0.72998417,0.103349163
139,review,0.834532374,0.72998417,0.104548204
103,condit,0.834951456,0.72998417,0.104967286
67,12 year,0.835820896,0.72998417,0.105836726
55,northern ireland,0.836363636,0.72998417,0.106379466
153,close,0.836601307,0.72998417,0.106617137
147,crisi,0.836734694,0.72998417,0.106750524
216,exist,0.837962963,0.72998417,0.107978793
142,forward,0.838028169,0.72998417,0.108043999
241,region,0.838174274,0.72998417,0.108190104
56,palestinian state,0.839285714,0.72998417,0.109301544
56,skill,0.839285714,0.72998417,0.109301544
56,grow,0.839285714,0.72998417,0.109301544
81,viabl,0.839506173,0.72998417,0.109522003
125,remov,0.84,0.72998417,0.11001583
100,period,0.84,0.72998417,0.11001583
75,polic,0.84,0.72998417,0.11001583
50,wide,0.84,0.72998417,0.11001583
307,flood,0.840390879,0.72998417,0.110406709
69,octob,0.84057971,0.72998417,0.11059554
63,nation secur council,0.841269841,0.72998417,0.111285671
63,affair,0.841269841,0.72998417,0.111285671
177,detail,0.84180791,0.72998417,0.11182374
607,continu,0.84184514,0.72998417,0.11186097
419,cours,0.8424821,0.72998417,0.11249793
51,previous,0.843137255,0.72998417,0.113153085
51,monday,0.843137255,0.72998417,0.113153085
90,hon gentleman',0.844444444,0.72998417,0.114460274
58,unit nation secur council,0.844827586,0.72998417,0.114843416
58,introduc,0.844827586,0.72998417,0.114843416
58,reassur,0.844827586,0.72998417,0.114843416
142,pose,0.845070423,0.72998417,0.115086253
71,2000,0.845070423,0.72998417,0.115086253
110,level,0.845454545,0.72998417,0.115470375
286,remain,0.846153846,0.72998417,0.116169676
91,rang,0.846153846,0.72998417,0.116169676
78,lesson,0.846153846,0.72998417,0.116169676
52,mistak,0.846153846,0.72998417,0.116169676
183,afghan,0.846994536,0.72998417,0.117010366
85,prospect,0.847058824,0.72998417,0.117074654
59,unit nation secur,0.847457627,0.72998417,0.117473457
59,threat forc,0.847457627,0.72998417,0.117473457
59,rebuild,0.847457627,0.72998417,0.117473457
636,terrorist,0.847484277,0.72998417,0.117500107
414,ensur,0.847826087,0.72998417,0.117841917
206,play,0.849514563,0.72998417,0.119530393
120,credibl,0.85,0.72998417,0.12001583
60,sensibl,0.85,0.72998417,0.12001583
60,delay,0.85,0.72998417,0.12001583
60,excel,0.85,0.72998417,0.12001583
107,enforc,0.85046729,0.72998417,0.12048312
194,refuge,0.850515464,0.72998417,0.120531294
308,help,0.850649351,0.72998417,0.120665181
88,aircraft,0.852272727,0.72998417,0.122288557
198,activ,0.853535354,0.72998417,0.123551184
82,crucial,0.853658537,0.72998417,0.123674367
130,oblig,0.853846154,0.72998417,0.123861984
55,agre hon,0.854545455,0.72998417,0.124561285
104,properli,0.855769231,0.72998417,0.125785061
118,isaf,0.855932203,0.72998417,0.125948033
98,ye,0.857142857,0.72998417,0.127158687
84,environ agenc,0.857142857,0.72998417,0.127158687
77,right hon friend prime,0.857142857,0.72998417,0.127158687
218,group,0.857798165,0.72998417,0.127813995
78,hon friend prime,0.858974359,0.72998417,0.128990189
78,friend prime,0.858974359,0.72998417,0.128990189
78,standard,0.858974359,0.72998417,0.128990189
71,enabl,0.85915493,0.72998417,0.12917076
114,challeng,0.859649123,0.72998417,0.129664953
57,arrang,0.859649123,0.72998417,0.129664953
86,balanc,0.860465116,0.72998417,0.130480946
79,hon friend',0.860759494,0.72998417,0.130775324
166,camp,0.861445783,0.72998417,0.131461613
80,friend',0.8625,0.72998417,0.13251583
80,british forc,0.8625,0.72998417,0.13251583
51,insid,0.862745098,0.72998417,0.132760928
124,element,0.862903226,0.72998417,0.132919056
73,depend,0.863013699,0.72998417,0.133029529
212,full,0.863207547,0.72998417,0.133223377
74,right hon friend prime minist,0.864864865,0.72998417,0.134880695
89,vital,0.865168539,0.72998417,0.135184369
75,hon friend prime minist,0.866666667,0.72998417,0.136682497
75,friend prime minist,0.866666667,0.72998417,0.136682497
196,determin,0.867346939,0.72998417,0.137362769
122,proper,0.868852459,0.72998417,0.138868289
153,fund,0.869281046,0.72998417,0.139296876
92,indic,0.869565217,0.72998417,0.139581047
77,realis,0.87012987,0.72998417,0.1401457
185,train,0.87027027,0.72998417,0.1402861
124,commando,0.870967742,0.72998417,0.140983572
62,normal,0.870967742,0.72998417,0.140983572
70,cut,0.871428571,0.72998417,0.141444401
110,avoid,0.872727273,0.72998417,0.142743103
118,critic,0.872881356,0.72998417,0.142897186
144,disarm,0.875,0.72998417,0.14501583
128,remark,0.875,0.72998417,0.14501583
80,improv,0.875,0.72998417,0.14501583
679,oper,0.87628866,0.72998417,0.14630449
99,five,0.878787879,0.72998417,0.148803709
149,command,0.879194631,0.72998417,0.149210461
199,co-oper,0.879396985,0.72998417,0.149412815
108,choic,0.87962963,0.72998417,0.14964546
125,environ,0.88,0.72998417,0.15001583
170,fulli,0.882352941,0.72998417,0.152368771
172,compli,0.88372093,0.72998417,0.15373676
104,scheme,0.884615385,0.72998417,0.154631215
53,victim,0.886792453,0.72998417,0.156808283
71,suicid bomber,0.887323944,0.72998417,0.157339774
117,appropri,0.888888889,0.72998417,0.158904719
72,quickli,0.888888889,0.72998417,0.158904719
63,paper,0.888888889,0.72998417,0.158904719
136,secur council resolut,0.889705882,0.72998417,0.159721712
136,council resolut,0.889705882,0.72998417,0.159721712
159,royal,0.893081761,0.72998417,0.163097591
122,readi,0.893442623,0.72998417,0.163458453
66,alongsid,0.893939394,0.72998417,0.163955224
114,difficulti,0.894736842,0.72998417,0.164752672
88,marin,0.897727273,0.72998417,0.167743103
129,suicid,0.899224806,0.72998417,0.169240636
153,resolv,0.901960784,0.72998417,0.171976614
82,obvious,0.902439024,0.72998417,0.172454854
72,support govern,0.902777778,0.72998417,0.172793608
114,deliv,0.903508772,0.72998417,0.173524602
53,educ,0.905660377,0.72998417,0.175676207
85,reconstruct,0.905882353,0.72998417,0.175898183
97,palestinian author,0.907216495,0.72998417,0.177232325
56,emphasis,0.910714286,0.72998417,0.180730116
68,practic,0.911764706,0.72998417,0.181780536
91,saddam',0.912087912,0.72998417,0.182103742
72,taliban regim,0.916666667,0.72998417,0.186682497
189,avail,0.920634921,0.72998417,0.190650751
66,novemb,0.924242424,0.72998417,0.194258254
54,regiment,0.925925926,0.72998417,0.195941756
57,board,0.929824561,0.72998417,0.199840391
72,complianc,0.930555556,0.72998417,0.200571386
58,brigad,0.931034483,0.72998417,0.201050313
60,state israel,0.933333333,0.72998417,0.203349163
66,chapter,0.939393939,0.72998417,0.209409769
52,interim,0.942307692,0.72998417,0.212323522
102,river,0.950980392,0.72998417,0.220996222
74,royal marin,0.959459459,0.72998417,0.229475289
55,grate hon,0.963636364,0.72998417,0.233652194
,,,,
,,,,
,,,,
,,,,
,,,,
,,,,
,,,,
,,,,
,,,,
,,,,
,,,,
,,,,
,,,,
,,,,
,,,,
,,,,
,,,,
,,,,
,,,,
,,,,
,,,,
,,,,
,,,,
,,,,
,,,,
,,,,
,,,,
,,,,
,,,,
,,,,
,,,,
,,,,
,,,,
,,,,
,,,,
,,,,
,,,,
,,,,
,,,,
,,,,
,,,,
,,,,
,,,,
,,,,
,,,,
,,,,
,,,,
,,,,
,,,,
,,,,
,,,,
,,,,
,,,,
,,,,
,,,,
,,,,
,,,,
,,,,
,,,,
,,,,
,,,,
,,,,
,,,,
,,,,
,,,,
,,,,
,,,,
,,,,
,,,,
,,,,
,,,,
,,,,
,,,,
,,,,
,,,,
,,,,
,,,,
,,,,
,,,,
,,,,
,,,,
,,,,
,,,,
,,,,
,,,,
,,,,
,,,,
,,,,
,,,,
,,,,
,,,,
,,,,
,,,,
,,,,
,,,,
,,,,
,,,,
,,,,
,,,,
,,,,
,,,,
,,,,
,,,,
,,,,
,,,,
,,,,
,,,,
,,,,
,,,,
,,,,
,,,,
,,,,
,,,,
,,,,
,,,,
,,,,
,,,,
,,,,
,,,,
,,,,
,,,,
,,,,
,,,,
,,,,
,,,,
,,,,
,,,,
,,,,
,,,,
,,,,
,,,,
,,,,
,,,,
,,,,
,,,,
,,,,
,,,,
,,,,
,,,,
,,,,
,,,,
,,,,
,,,,
,,,,
,,,,
,,,,
,,,,
,,,,
,,,,
,,,,
,,,,
,,,,
,,,,
,,,,
,,,,
,,,,
,,,,
,,,,
,,,,
,,,,
,,,,
,,,,
,,,,
,,,,
,,,,
,,,,
,,,,
,,,,
,,,,
,,,,
,,,,
,,,,
,,,,
,,,,
,,,,
,,,,
,,,,
,,,,
,,,,
,,,,
,,,,
,,,,
,,,,
,,,,
,,,,
,,,,
,,,,
,,,,
,,,,
,,,,
,,,,
,,,,
,,,,
,,,,
,,,,
,,,,
,,,,
,,,,
,,,,
,,,,
,,,,
,,,,
,,,,
,,,,
,,,,
,,,,
,,,,
,,,,
,,,,
,,,,
,,,,
,,,,
,,,,
,,,,
,,,,
,,,,
,,,,
,,,,
,,,,
,,,,
,,,,
,,,,
,,,,
,,,,
,,,,
,,,,
,,,,
,,,,
,,,,
,,,,
,,,,
,,,,
,,,,
,,,,
,,,,
,,,,
,,,,
,,,,
,,,,
,,,,
,,,,
,,,,
,,,,
,,,,
,,,,
,,,,
,,,,
,,,,
,,,,
,,,,
,,,,
,,,,
,,,,
,,,,
,,,,
,,,,
,,,,
,,,,
,,,,
,,,,
,,,,
,,,,
,,,,
,,,,
,,,,
,,,,
,,,,
,,,,
,,,,
,,,,
,,,,
,,,,
,,,,
,,,,
,,,,
,,,,
,,,,
,,,,
,,,,
,,,,
,,,,
,,,,
,,,,
,,,,
,,,,
,,,,
,,,,
,,,,
,,,,
,,,,
,,,,
,,,,
,,,,
,,,,
,,,,
,,,,
,,,,
,,,,
,,,,
,,,,
,,,,
,,,,
,,,,
,,,,
,,,,
,,,,
,,,,
,,,,
,,,,
,,,,
,,,,
,,,,
,,,,
,,,,
,,,,
,,,,
,,,,
,,,,
,,,,
,,,,
,,,,
,,,,
,,,,
,,,,
,,,,
,,,,
,,,,
,,,,
,,,,
,,,,
,,,,
,,,,
,,,,
,,,,
,,,,
,,,,
,,,,
,,,,
,,,,
,,,,
,,,,
,,,,
,,,,
,,,,
,,,,
,,,,
,,,,
,,,,
,,,,
,,,,
,,,,
,,,,
,,,,
,,,,
,,,,
,,,,
,,,,
,,,,
,,,,
,,,,
,,,,
,,,,
,,,,
,,,,
,,,,
,,,,
,,,,
,,,,
,,,,
,,,,
,,,,
,,,,
,,,,
,,,,
,,,,
,,,,
,,,,
,,,,
,,,,
,,,,
,,,,
,,,,
,,,,
,,,,
,,,,
,,,,
,,,,
,,,,
,,,,
,,,,
,,,,
,,,,
,,,,
,,,,
,,,,
,,,,
,,,,
,,,,
,,,,
,,,,
,,,,
,,,,
,,,,
,,,,
,,,,
,,,,
,,,,
,,,,
,,,,
,,,,
,,,,
,,,,
,,,,
,,,,
,,,,
,,,,
,,,,
,,,,
,,,,
,,,,
,,,,
,,,,
,,,,
,,,,
,,,,
,,,,
,,,,
,,,,
,,,,
,,,,
,,,,
,,,,
,,,,
,,,,
,,,,
,,,,
,,,,
,,,,
,,,,
,,,,
,,,,
,,,,
,,,,
,,,,
,,,,
,,,,
,,,,
,,,,
,,,,
,,,,
,,,,
,,,,
,,,,
,,,,
,,,,
,,,,
,,,,
,,,,
,,,,
,,,,
,,,,
,,,,
,,,,
,,,,
,,,,
,,,,
,,,,
,,,,
,,,,
,,,,
,,,,
,,,,
,,,,
,,,,
,,,,
,,,,
,,,,
,,,,
,,,,
,,,,
,,,,
,,,,
,,,,
,,,,
,,,,
,,,,
,,,,
,,,,
,,,,
,,,,
,,,,
,,,,
,,,,
,,,,
,,,,
,,,,
,,,,
,,,,
,,,,
,,,,
,,,,
,,,,
,,,,
,,,,
,,,,
,,,,
,,,,
,,,,
,,,,
,,,,
,,,,
,,,,
,,,,
,,,,
,,,,
,,,,
,,,,
,,,,
,,,,
,,,,
,,,,
,,,,
,,,,
,,,,
,,,,
,,,,
,,,,
,,,,
,,,,
,,,,
,,,,
,,,,
,,,,
,,,,
,,,,
,,,,
,,,,
,,,,
,,,,
,,,,
,,,,
,,,,
,,,,
,,,,
,,,,
,,,,
,,,,
,,,,
,,,,
,,,,
,,,,
,,,,
,,,,
,,,,
,,,,
,,,,
,,,,
,,,,
,,,,
,,,,
,,,,
,,,,
,,,,
,,,,
,,,,
,,,,
,,,,
,,,,
,,,,
,,,,
,,,,
,,,,
,,,,
,,,,
,,,,
,,,,
,,,,
,,,,
,,,,
,,,,
,,,,
,,,,
,,,,
,,,,
,,,,
,,,,
,,,,
,,,,
,,,,
,,,,
,,,,
,,,,
,,,,
,,,,
,,,,
,,,,
,,,,
,,,,
,,,,
,,,,
,,,,
,,,,
,,,,
,,,,
,,,,
,,,,
,,,,
,,,,
,,,,
,,,,
,,,,
,,,,
,,,,
,,,,
,,,,
,,,,
,,,,
,,,,
,,,,
,,,,
,,,,
,,,,
,,,,
,,,,
,,,,
,,,,
,,,,
,,,,
,,,,
,,,,
,,,,
,,,,
,,,,
,,,,
,,,,
,,,,
,,,,
,,,,
,,,,
,,,,
,,,,
,,,,
,,,,
,,,,
,,,,
,,,,
,,,,
,,,,
,,,,
,,,,
,,,,
,,,,
,,,,
,,,,
,,,,
,,,,
,,,,
,,,,
,,,,
,,,,
,,,,
,,,,
,,,,
,,,,
,,,,
,,,,
,,,,
,,,,
,,,,
,,,,
,,,,
,,,,
,,,,
,,,,
,,,,
,,,,
,,,,
,,,,
,,,,
,,,,
,,,,
,,,,
,,,,
,,,,
,,,,
,,,,
,,,,
,,,,
,,,,
,,,,
,,,,
,,,,
,,,,
,,,,
,,,,
,,,,
,,,,
,,,,
,,,,
,,,,
,,,,
,,,,
,,,,
,,,,
,,,,
,,,,
,,,,
,,,,
,,,,
,,,,
,,,,
,,,,
,,,,
,,,,
,,,,
,,,,
,,,,
,,,,
,,,,
,,,,
,,,,
,,,,
,,,,
,,,,
,,,,
,,,,
,,,,
,,,,
,,,,
,,,,
,,,,
,,,,
,,,,
,,,,
,,,,
,,,,
,,,,
,,,,
,,,,
,,,,
,,,,
,,,,
,,,,
,,,,
,,,,
,,,,
,,,,
,,,,
,,,,
,,,,
,,,,
,,,,
,,,,
,,,,
,,,,
,,,,
,,,,
,,,,
,,,,
,,,,
,,,,
,,,,
,,,,
,,,,
,,,,
,,,,
,,,,
,,,,
,,,,
,,,,
,,,,
,,,,
,,,,
,,,,
,,,,
,,,,
,,,,
,,,,
,,,,
,,,,
,,,,
,,,,
,,,,
,,,,
,,,,
,,,,
,,,,
,,,,
,,,,
,,,,
,,,,
,,,,
,,,,
,,,,
,,,,
,,,,
,,,,
,,,,
,,,,
,,,,
,,,,
,,,,
,,,,
,,,,
,,,,
,,,,
,,,,
,,,,
,,,,
,,,,
,,,,
,,,,
,,,,
,,,,
,,,,
,,,,
,,,,
,,,,
,,,,
,,,,
,,,,
,,,,
,,,,
,,,,
,,,,
,,,,
,,,,
,,,,
,,,,
,,,,
,,,,
,,,,
,,,,
,,,,
,,,,
,,,,
,,,,
,,,,
,,,,
,,,,
,,,,
,,,,
,,,,
,,,,
,,,,
,,,,
,,,,
,,,,
,,,,
,,,,
,,,,
,,,,
,,,,
,,,,
,,,,
,,,,
,,,,
,,,,
,,,,
,,,,
,,,,
,,,,
,,,,
,,,,
,,,,
,,,,
,,,,
,,,,
,,,,
,,,,
,,,,
,,,,
,,,,
,,,,
,,,,
,,,,
,,,,
,,,,
,,,,
,,,,
,,,,
,,,,
,,,,
,,,,
,,,,
,,,,
,,,,
,,,,
,,,,
,,,,
,,,,
,,,,
,,,,
,,,,
,,,,
,,,,
,,,,
,,,,
,,,,
,,,,
,,,,
,,,,
,,,,
,,,,
,,,,
,,,,
,,,,
,,,,
,,,,
,,,,
,,,,
,,,,
,,,,
,,,,
,,,,
,,,,
,,,,
,,,,
,,,,
,,,,
,,,,
,,,,
,,,,
,,,,
,,,,
,,,,
,,,,
,,,,
,,,,
,,,,
,,,,
,,,,
,,,,
,,,,
,,,,
,,,,
,,,,
,,,,
,,,,
,,,,
,,,,
,,,,
,,,,
,,,,
,,,,
,,,,
,,,,
,,,,
,,,,
,,,,
,,,,
,,,,
,,,,
,,,,
,,,,
,,,,
,,,,
,,,,
,,,,
,,,,
,,,,
,,,,
,,,,
,,,,
,,,,
,,,,
,,,,
,,,,
,,,,
,,,,
,,,,
,,,,
,,,,
,,,,
,,,,
,,,,
,,,,
,,,,
,,,,
,,,,
,,,,
,,,,
,,,,
,,,,
,,,,
,,,,
,,,,
,,,,
,,,,
,,,,
,,,,
,,,,
,,,,
,,,,
,,,,
,,,,
,,,,
,,,,
,,,,
,,,,
,,,,
,,,,
,,,,
,,,,
,,,,
,,,,
,,,,
,,,,
,,,,
,,,,
,,,,
,,,,
,,,,
,,,,
,,,,
,,,,
,,,,
,,,,
,,,,
,,,,
,,,,
,,,,
,,,,
,,,,
,,,,
,,,,
,,,,
,,,,
,,,,
,,,,
,,,,
,,,,
,,,,
,,,,
,,,,
,,,,
,,,,
,,,,
,,,,
,,,,
,,,,
,,,,
,,,,
,,,,
,,,,
,,,,
,,,,
,,,,
,,,,
,,,,
,,,,
,,,,
,,,,
,,,,
,,,,
,,,,
,,,,
,,,,
,,,,
,,,,
,,,,
,,,,
,,,,
,,,,
,,,,
,,,,
,,,,
,,,,
,,,,
,,,,
,,,,
,,,,
,,,,
,,,,
,,,,
,,,,
,,,,
,,,,
,,,,
,,,,
,,,,
,,,,
,,,,
,,,,
,,,,
,,,,
,,,,
,,,,
,,,,
,,,,
,,,,
,,,,
,,,,
,,,,
,,,,
,,,,
,,,,
,,,,
,,,,
,,,,
,,,,
,,,,
,,,,
,,,,
,,,,
,,,,
,,,,
,,,,
,,,,
,,,,
,,,,
,,,,
,,,,
,,,,
,,,,
,,,,
,,,,
,,,,
,,,,
,,,,
,,,,
,,,,
,,,,
,,,,
,,,,
,,,,
,,,,
,,,,
,,,,
,,,,
,,,,
,,,,
,,,,
,,,,
,,,,
,,,,
,,,,
,,,,
,,,,
,,,,
,,,,
,,,,
,,,,
,,,,
,,,,
,,,,
,,,,
,,,,
,,,,
,,,,
,,,,
,,,,
,,,,
,,,,
,,,,
,,,,
,,,,
,,,,
,,,,
,,,,
,,,,
,,,,
,,,,
,,,,
,,,,
,,,,
,,,,
,,,,
,,,,
,,,,
,,,,
,,,,
,,,,
,,,,
,,,,
,,,,
,,,,
,,,,
,,,,
,,,,
,,,,
,,,,
,,,,
,,,,
,,,,
,,,,
,,,,
,,,,
,,,,
,,,,
,,,,
,,,,
,,,,
,,,,
,,,,
,,,,
,,,,
,,,,
,,,,
,,,,
,,,,
,,,,
,,,,
,,,,
,,,,
,,,,
,,,,
,,,,
,,,,
,,,,
,,,,
,,,,
,,,,
,,,,
,,,,
,,,,
,,,,
,,,,
,,,,
,,,,
,,,,
,,,,
,,,,
,,,,
,,,,
,,,,
,,,,
,,,,
,,,,
,,,,
,,,,
,,,,
,,,,
,,,,
,,,,
,,,,
,,,,
,,,,
,,,,
,,,,
,,,,
,,,,
,,,,
,,,,
,,,,
,,,,
,,,,
,,,,
,,,,
,,,,
,,,,
,,,,
,,,,
,,,,
,,,,
,,,,
,,,,
,,,,
,,,,
,,,,
,,,,
,,,,
,,,,
,,,,
,,,,
,,,,
,,,,
,,,,
,,,,
,,,,
,,,,
,,,,
,,,,
,,,,
,,,,
,,,,
,,,,
,,,,
,,,,
,,,,
,,,,
,,,,
,,,,
,,,,
,,,,
,,,,
,,,,
,,,,
,,,,
,,,,
,,,,
,,,,
,,,,
,,,,
,,,,
,,,,
,,,,
,,,,
,,,,
,,,,
,,,,
,,,,
,,,,
,,,,
,,,,
,,,,
,,,,
,,,,
,,,,
,,,,
,,,,
,,,,
,,,,
,,,,
,,,,
,,,,
,,,,
,,,,
,,,,
,,,,
,,,,
,,,,
,,,,
,,,,
,,,,
,,,,
,,,,
,,,,
,,,,
,,,,
,,,,
,,,,
,,,,
,,,,
,,,,
,,,,
,,,,
,,,,
,,,,
,,,,
,,,,
,,,,
,,,,
,,,,
,,,,
,,,,
,,,,
,,,,
,,,,
,,,,
,,,,
,,,,
,,,,
,,,,
,,,,
,,,,
,,,,
,,,,
,,,,
,,,,
,,,,
,,,,
,,,,
,,,,
,,,,
,,,,
,,,,
,,,,
,,,,
,,,,
,,,,
,,,,
,,,,
,,,,
,,,,
,,,,
,,,,
,,,,
,,,,
,,,,
,,,,
,,,,
,,,,
,,,,
,,,,
,,,,
,,,,
,,,,
,,,,
,,,,
,,,,
,,,,
,,,,
,,,,
,,,,
,,,,
,,,,
,,,,
,,,,
,,,,
,,,,
,,,,
,,,,
,,,,
,,,,
,,,,
,,,,
,,,,
,,,,
,,,,
,,,,
,,,,
,,,,
,,,,
,,,,
,,,,
,,,,
,,,,
,,,,
,,,,
,,,,
,,,,
,,,,
,,,,
,,,,
,,,,
,,,,
,,,,
,,,,
,,,,
,,,,
,,,,
,,,,
,,,,
,,,,
,,,,
,,,,
,,,,
,,,,
,,,,
,,,,
,,,,
,,,,
,,,,
,,,,
,,,,
,,,,
,,,,
,,,,
,,,,
,,,,
,,,,
,,,,
,,,,
,,,,
,,,,
,,,,
,,,,
,,,,
,,,,
,,,,
,,,,
,,,,
,,,,
,,,,
,,,,
,,,,
,,,,
,,,,
,,,,
,,,,
,,,,
,,,,
,,,,
,,,,
,,,,
,,,,
,,,,
,,,,
,,,,
,,,,
,,,,
,,,,
,,,,
,,,,
,,,,
,,,,
,,,,
,,,,
,,,,
,,,,
,,,,
,,,,
,,,,
,,,,
,,,,
,,,,
,,,,
,,,,
,,,,
,,,,
,,,,
,,,,
,,,,
,,,,
,,,,
,,,,
,,,,
,,,,
,,,,
,,,,
,,,,
,,,,
,,,,
,,,,
,,,,
,,,,
,,,,
,,,,
,,,,
,,,,
,,,,
,,,,
,,,,
,,,,
,,,,
,,,,
,,,,
,,,,
,,,,
,,,,
,,,,
,,,,
,,,,
,,,,
,,,,
,,,,
,,,,
,,,,
,,,,
,,,,
,,,,
,,,,
,,,,
,,,,
,,,,
,,,,
,,,,
,,,,
,,,,
,,,,
,,,,
,,,,
,,,,
,,,,
,,,,
,,,,
,,,,
,,,,
,,,,
,,,,
,,,,
,,,,
,,,,
,,,,
,,,,
,,,,
,,,,
,,,,
,,,,
,,,,
,,,,
,,,,
,,,,
,,,,
,,,,
,,,,
,,,,
,,,,
,,,,
,,,,
,,,,
,,,,
,,,,
,,,,
,,,,
,,,,
,,,,
,,,,
,,,,
,,,,
,,,,
,,,,
,,,,
,,,,
,,,,
,,,,
,,,,
,,,,
,,,,
,,,,
,,,,
,,,,
,,,,
,,,,
,,,,
,,,,
,,,,
,,,,
,,,,
,,,,
,,,,
,,,,
,,,,
,,,,
,,,,
,,,,
,,,,
,,,,
,,,,
,,,,
,,,,
,,,,
,,,,
,,,,
,,,,
,,,,
,,,,
,,,,
,,,,
,,,,
,,,,
,,,,
,,,,
,,,,
,,,,
,,,,
,,,,
,,,,
,,,,
,,,,
,,,,
,,,,
,,,,
,,,,
,,,,
,,,,
,,,,
,,,,
,,,,
,,,,
,,,,
,,,,
,,,,
,,,,
,,,,
,,,,
,,,,
,,,,
,,,,
,,,,
,,,,
,,,,
,,,,
,,,,
,,,,
,,,,
,,,,
,,,,
,,,,
,,,,
,,,,
,,,,
,,,,
,,,,
,,,,
,,,,
,,,,
,,,,
,,,,
,,,,
,,,,
,,,,
,,,,
,,,,
,,,,
,,,,
,,,,
,,,,
,,,,
,,,,
,,,,
,,,,
,,,,
,,,,
,,,,
,,,,
,,,,
,,,,
,,,,
,,,,
,,,,
,,,,
,,,,
,,,,
,,,,
,,,,
,,,,
,,,,
,,,,
,,,,
,,,,
,,,,
,,,,
,,,,
,,,,
,,,,
,,,,
,,,,
,,,,
,,,,
,,,,
,,,,
,,,,
,,,,
,,,,
,,,,
,,,,
,,,,
,,,,
,,,,
,,,,
,,,,
,,,,
,,,,
,,,,
,,,,
,,,,
,,,,
,,,,
,,,,
,,,,
,,,,
,,,,
,,,,
,,,,
,,,,
,,,,
,,,,
,,,,
,,,,
,,,,
,,,,
,,,,
,,,,
,,,,
,,,,
,,,,
,,,,
,,,,
,,,,
,,,,
,,,,
,,,,
,,,,
,,,,
,,,,
,,,,
,,,,
,,,,
,,,,
,,,,
,,,,
,,,,
,,,,
,,,,
,,,,
,,,,
,,,,
,,,,
,,,,
,,,,
,,,,
,,,,
,,,,
,,,,
,,,,
,,,,
,,,,
,,,,
,,,,
,,,,
,,,,
,,,,
,,,,
,,,,
,,,,
,,,,
,,,,
,,,,
,,,,
,,,,
,,,,
,,,,
,,,,
,,,,
,,,,
,,,,
,,,,
,,,,
,,,,
,,,,
,,,,
,,,,
,,,,
,,,,
,,,,
,,,,
,,,,
,,,,
,,,,
,,,,
,,,,
,,,,
,,,,
,,,,
,,,,
,,,,
,,,,
,,,,
,,,,
,,,,
,,,,
,,,,
,,,,
,,,,
,,,,
,,,,
,,,,
,,,,
,,,,
,,,,
,,,,
,,,,
,,,,
,,,,
,,,,
,,,,
,,,,
,,,,
,,,,
,,,,
,,,,
,,,,
,,,,
,,,,
,,,,
,,,,
,,,,
,,,,
,,,,
,,,,
,,,,
,,,,
,,,,
,,,,
,,,,
,,,,
,,,,
,,,,
,,,,
,,,,
,,,,
,,,,
,,,,
,,,,
,,,,
,,,,
,,,,
,,,,
,,,,
,,,,
,,,,
,,,,
,,,,
,,,,
,,,,
,,,,
,,,,
,,,,
,,,,
,,,,
,,,,
,,,,
,,,,
,,,,
,,,,
,,,,
,,,,
,,,,
,,,,
,,,,
,,,,
,,,,
,,,,
,,,,
,,,,
,,,,
,,,,
,,,,
,,,,
,,,,
,,,,
,,,,
,,,,
,,,,
,,,,
,,,,
,,,,
,,,,
,,,,
,,,,
,,,,
,,,,
,,,,
,,,,
,,,,
,,,,
,,,,
,,,,
,,,,
,,,,
,,,,
,,,,
,,,,
,,,,
,,,,
,,,,
,,,,
,,,,
,,,,
,,,,
,,,,
,,,,
,,,,
,,,,
,,,,
,,,,
,,,,
,,,,
,,,,
,,,,
,,,,
,,,,
,,,,
,,,,
,,,,
,,,,
,,,,
,,,,
,,,,
,,,,
,,,,
,,,,
,,,,
,,,,
,,,,
,,,,
,,,,
,,,,
,,,,
,,,,
,,,,
,,,,
,,,,
,,,,
,,,,
,,,,
,,,,
,,,,
,,,,
,,,,
,,,,
,,,,
,,,,
,,,,
,,,,
,,,,
,,,,
,,,,
,,,,
,,,,
,,,,
,,,,
,,,,
,,,,
,,,,
,,,,
,,,,
,,,,
,,,,
,,,,
,,,,
,,,,
,,,,
,,,,
,,,,
,,,,
,,,,
,,,,
,,,,
,,,,
,,,,
,,,,
,,,,
,,,,
,,,,
,,,,
,,,,
,,,,
,,,,
,,,,
,,,,
,,,,
,,,,
,,,,
,,,,
,,,,
,,,,
,,,,
,,,,
,,,,
,,,,
,,,,
,,,,
,,,,
,,,,
,,,,
,,,,
,,,,
,,,,
,,,,
,,,,
,,,,
,,,,
,,,,
,,,,
,,,,
,,,,
,,,,
,,,,
,,,,
,,,,
,,,,
,,,,
,,,,
,,,,
,,,,
,,,,
,,,,
,,,,
,,,,
,,,,
,,,,
,,,,
,,,,
,,,,
,,,,
,,,,
,,,,
,,,,
,,,,
,,,,
,,,,
,,,,
,,,,
,,,,
,,,,
,,,,
,,,,
,,,,
,,,,
,,,,
,,,,
,,,,
,,,,
,,,,
,,,,
,,,,
,,,,
,,,,
,,,,
,,,,
,,,,
,,,,
,,,,
,,,,
,,,,
,,,,
,,,,
,,,,
,,,,
,,,,
,,,,
,,,,
,,,,
,,,,
,,,,
,,,,
,,,,
,,,,
,,,,
,,,,
,,,,
,,,,
,,,,
,,,,
,,,,
,,,,
,,,,
,,,,
,,,,
,,,,
,,,,
,,,,
,,,,
,,,,
,,,,
,,,,
,,,,
,,,,
,,,,
,,,,
,,,,
,,,,
,,,,
,,,,
,,,,
,,,,
,,,,
,,,,
,,,,
,,,,
,,,,
,,,,
,,,,
,,,,
,,,,
,,,,
,,,,
,,,,
,,,,
,,,,
,,,,
,,,,
,,,,
,,,,
,,,,
,,,,
,,,,
,,,,
,,,,
,,,,
,,,,
,,,,
,,,,
,,,,
,,,,
,,,,
,,,,
,,,,
,,,,
,,,,
,,,,
,,,,
,,,,
,,,,
,,,,
,,,,
,,,,
,,,,
,,,,
,,,,
,,,,
,,,,
,,,,
,,,,
,,,,
,,,,
,,,,
,,,,
,,,,
,,,,
,,,,
,,,,
,,,,
,,,,
,,,,
,,,,
,,,,
,,,,
,,,,
,,,,
,,,,
,,,,
,,,,
,,,,
,,,,
,,,,
,,,,
,,,,
,,,,
,,,,
,,,,
,,,,
,,,,
,,,,
,,,,
,,,,
,,,,
,,,,
,,,,
,,,,
,,,,
,,,,
,,,,
,,,,
,,,,
,,,,
,,,,
,,,,
,,,,
,,,,
,,,,
,,,,
,,,,
,,,,
,,,,
,,,,
,,,,
,,,,
,,,,
,,,,
,,,,
,,,,
,,,,
,,,,
,,,,
,,,,
,,,,
,,,,
,,,,
,,,,
,,,,
,,,,
,,,,
,,,,
,,,,
,,,,
,,,,
,,,,
,,,,
,,,,
,,,,
,,,,
,,,,
,,,,
,,,,
,,,,
,,,,
,,,,
,,,,
,,,,
,,,,
,,,,
,,,,
,,,,
,,,,
,,,,
,,,,
,,,,
,,,,
,,,,
,,,,
,,,,
,,,,
,,,,
,,,,
,,,,
,,,,
,,,,
,,,,
,,,,
,,,,
,,,,
,,,,
,,,,
,,,,
,,,,
,,,,
,,,,
,,,,
,,,,
,,,,
,,,,
,,,,
,,,,
,,,,
,,,,
,,,,
,,,,
,,,,
,,,,
,,,,
,,,,
,,,,
,,,,
,,,,
,,,,
,,,,
,,,,
,,,,
,,,,
,,,,
,,,,
,,,,
,,,,
,,,,
,,,,
,,,,
,,,,
,,,,
,,,,
,,,,
,,,,
,,,,
,,,,
,,,,
,,,,
,,,,
,,,,
,,,,
,,,,
,,,,
,,,,
,,,,
,,,,
,,,,
,,,,
,,,,
,,,,
,,,,
,,,,
,,,,
,,,,
,,,,
,,,,
,,,,
,,,,
,,,,
,,,,
,,,,
,,,,
,,,,
,,,,
,,,,
,,,,
,,,,
,,,,
,,,,
,,,,
,,,,
,,,,
,,,,
,,,,
,,,,
,,,,
,,,,
,,,,
,,,,
,,,,
,,,,
,,,,
,,,,
,,,,
,,,,
,,,,
,,,,
,,,,
,,,,
,,,,
,,,,
,,,,
,,,,
,,,,
,,,,
,,,,
,,,,
,,,,
,,,,
,,,,
,,,,
,,,,
,,,,
,,,,
,,,,
,,,,
,,,,
,,,,
,,,,
,,,,
,,,,
,,,,
,,,,
,,,,
,,,,
,,,,
,,,,
,,,,
,,,,
,,,,
,,,,
,,,,
,,,,
,,,,
,,,,
,,,,
,,,,
,,,,
,,,,
,,,,
,,,,
,,,,
,,,,
,,,,
,,,,
,,,,
,,,,
,,,,
,,,,
,,,,
,,,,
,,,,
,,,,
,,,,
,,,,
,,,,
,,,,
,,,,
,,,,
,,,,
,,,,
,,,,
,,,,
,,,,
,,,,
,,,,
,,,,
,,,,
,,,,
,,,,
,,,,
,,,,
,,,,
,,,,
,,,,
,,,,
,,,,
,,,,
,,,,
,,,,
,,,,
,,,,
,,,,
,,,,
,,,,
,,,,
,,,,
,,,,
,,,,
,,,,
,,,,
,,,,
,,,,
,,,,
,,,,
,,,,
,,,,
,,,,
,,,,
,,,,
,,,,
,,,,
,,,,
,,,,
,,,,
,,,,
,,,,
,,,,
,,,,
,,,,
,,,,
,,,,
,,,,
,,,,
,,,,
,,,,
,,,,
,,,,
,,,,
,,,,
,,,,
,,,,
,,,,
,,,,
,,,,
,,,,
,,,,
,,,,
,,,,
,,,,
,,,,
,,,,
,,,,
,,,,
,,,,
,,,,
,,,,
,,,,
,,,,
,,,,
,,,,
,,,,
,,,,
,,,,
,,,,
,,,,
,,,,
,,,,
,,,,
,,,,
,,,,
,,,,
,,,,
,,,,
,,,,
,,,,
,,,,
,,,,
,,,,
,,,,
,,,,
,,,,
,,,,
,,,,
,,,,
,,,,
,,,,
,,,,
,,,,
,,,,
,,,,
,,,,
,,,,
,,,,
,,,,
,,,,
,,,,
,,,,
,,,,
,,,,
,,,,
,,,,
,,,,
,,,,
,,,,
,,,,
,,,,
,,,,
,,,,
,,,,
,,,,
,,,,
,,,,
,,,,
,,,,
,,,,
,,,,
,,,,
,,,,
,,,,
,,,,
,,,,
,,,,
,,,,
,,,,
,,,,
,,,,
,,,,
,,,,
,,,,
,,,,
,,,,
,,,,
,,,,
,,,,
,,,,
,,,,
,,,,
,,,,
,,,,
,,,,
,,,,
,,,,
,,,,
,,,,
,,,,
,,,,
,,,,
,,,,
,,,,
,,,,
,,,,
,,,,
,,,,
,,,,
,,,,
,,,,
,,,,
,,,,
,,,,
,,,,
,,,,
,,,,
,,,,
,,,,
,,,,
,,,,
,,,,
,,,,
,,,,
,,,,
,,,,
,,,,
,,,,
,,,,
,,,,
,,,,
,,,,
,,,,
,,,,
,,,,
,,,,
,,,,
,,,,
,,,,
,,,,
,,,,
,,,,
,,,,
,,,,
,,,,
,,,,
,,,,
,,,,
,,,,
,,,,
,,,,
,,,,
,,,,
,,,,
,,,,
,,,,
,,,,
,,,,
,,,,
,,,,
,,,,
,,,,
,,,,
,,,,
,,,,
,,,,
,,,,
,,,,
,,,,
,,,,
,,,,
,,,,
,,,,
,,,,
,,,,
,,,,
,,,,
,,,,
,,,,
,,,,
,,,,
,,,,
,,,,
,,,,
,,,,
,,,,
,,,,
,,,,
,,,,
,,,,
,,,,
,,,,
,,,,
,,,,
,,,,
,,,,
,,,,
,,,,
,,,,
,,,,
,,,,
,,,,
,,,,
,,,,
,,,,
,,,,
,,,,
,,,,
,,,,
,,,,
,,,,
,,,,
,,,,
,,,,
,,,,
,,,,
,,,,
,,,,
,,,,
,,,,
,,,,
,,,,
,,,,
,,,,
,,,,
,,,,
,,,,
,,,,
,,,,
,,,,
,,,,
,,,,
,,,,
,,,,
,,,,
,,,,
,,,,
,,,,
,,,,
,,,,
,,,,
,,,,
,,,,
,,,,
,,,,
,,,,
,,,,
,,,,
,,,,
,,,,
,,,,
,,,,
,,,,
,,,,
,,,,
,,,,
,,,,
,,,,
,,,,
,,,,
,,,,
,,,,
,,,,
,,,,
,,,,
,,,,
,,,,
,,,,
,,,,
,,,,
,,,,
,,,,
,,,,
,,,,
,,,,
,,,,
,,,,
,,,,
,,,,
,,,,
,,,,
,,,,
,,,,
,,,,
,,,,
,,,,
,,,,
,,,,
,,,,
,,,,
,,,,
,,,,
,,,,
,,,,
,,,,
,,,,
,,,,
,,,,
,,,,
,,,,
,,,,
,,,,
,,,,
,,,,
,,,,
,,,,
,,,,
,,,,
,,,,
,,,,
,,,,
,,,,
,,,,
,,,,
,,,,
,,,,
,,,,
,,,,
,,,,
,,,,
,,,,
,,,,
,,,,
,,,,
,,,,
,,,,
,,,,
,,,,
,,,,
,,,,
,,,,
,,,,
,,,,
,,,,
,,,,
,,,,
,,,,
,,,,
,,,,
,,,,
,,,,
,,,,
,,,,
,,,,
,,,,
,,,,
,,,,
,,,,
,,,,
,,,,
,,,,
,,,,
,,,,
,,,,
,,,,
,,,,
,,,,
,,,,
,,,,
,,,,
,,,,
,,,,
,,,,
,,,,
,,,,
,,,,
,,,,
,,,,
,,,,
,,,,
,,,,
,,,,
,,,,
,,,,
,,,,
,,,,
,,,,
,,,,
,,,,
,,,,
,,,,
,,,,
,,,,
,,,,
,,,,
,,,,
,,,,
,,,,
,,,,
,,,,
,,,,
,,,,
,,,,
,,,,
,,,,
,,,,
,,,,
,,,,
,,,,
,,,,
,,,,
,,,,
,,,,
,,,,
,,,,
,,,,
,,,,
,,,,
,,,,
,,,,
,,,,
,,,,
,,,,
,,,,
,,,,
,,,,
,,,,
,,,,
,,,,
,,,,
,,,,
,,,,
,,,,
,,,,
,,,,
,,,,
,,,,
,,,,
,,,,
,,,,
,,,,
,,,,
,,,,
,,,,
,,,,
,,,,
,,,,
,,,,
,,,,
,,,,
,,,,
,,,,
,,,,
,,,,
,,,,
,,,,
,,,,
,,,,
,,,,
,,,,
,,,,
,,,,
,,,,
,,,,
,,,,
,,,,
,,,,
,,,,
,,,,
,,,,
,,,,
,,,,
,,,,
,,,,
,,,,
,,,,
,,,,
,,,,
,,,,
,,,,
,,,,
,,,,
,,,,
,,,,
,,,,
,,,,
,,,,
,,,,
,,,,
,,,,
,,,,
,,,,
,,,,
,,,,
,,,,
,,,,
,,,,
,,,,
,,,,
,,,,
,,,,
,,,,
,,,,
,,,,
,,,,
,,,,
,,,,
,,,,
,,,,
,,,,
,,,,
,,,,
,,,,
,,,,
,,,,
,,,,
,,,,
,,,,
,,,,
,,,,
,,,,
,,,,
,,,,
,,,,
,,,,
,,,,
,,,,
,,,,
,,,,
,,,,
,,,,
,,,,
,,,,
,,,,
,,,,
,,,,
,,,,
,,,,
,,,,
,,,,
,,,,
,,,,
,,,,
,,,,
,,,,
,,,,
,,,,
,,,,
,,,,
,,,,
,,,,
,,,,
,,,,
,,,,
,,,,
,,,,
,,,,
,,,,
,,,,
,,,,
,,,,
,,,,
,,,,
,,,,
,,,,
,,,,
,,,,
,,,,
,,,,
,,,,
,,,,
,,,,
,,,,
,,,,
,,,,
,,,,
,,,,
,,,,
,,,,
,,,,
,,,,
,,,,
,,,,
,,,,
,,,,
,,,,
,,,,
,,,,
,,,,
,,,,
,,,,
,,,,
,,,,
,,,,
,,,,
,,,,
,,,,
,,,,
,,,,
,,,,
,,,,
,,,,
,,,,
,,,,
,,,,
,,,,
,,,,
,,,,
,,,,
,,,,
,,,,
,,,,
,,,,
,,,,
,,,,
,,,,
,,,,
,,,,
,,,,
,,,,
,,,,
,,,,
,,,,
,,,,
,,,,
,,,,
,,,,
,,,,
,,,,
,,,,
,,,,
,,,,
,,,,
,,,,
,,,,
,,,,
,,,,
,,,,
,,,,
,,,,
,,,,
,,,,
,,,,
,,,,
,,,,
,,,,
,,,,
,,,,
,,,,
,,,,
,,,,
,,,,
,,,,
,,,,
,,,,
,,,,
,,,,
,,,,
,,,,
,,,,
,,,,
,,,,
,,,,
,,,,
,,,,
,,,,
,,,,
,,,,
,,,,
,,,,
,,,,
,,,,
,,,,
,,,,
,,,,
,,,,
,,,,
,,,,
,,,,
,,,,
,,,,
,,,,
,,,,
,,,,
,,,,
,,,,
,,,,
,,,,
,,,,
,,,,
,,,,
,,,,
,,,,
,,,,
,,,,
,,,,
,,,,
,,,,
,,,,
,,,,
,,,,
,,,,
,,,,
,,,,
,,,,
,,,,
,,,,
,,,,
,,,,
,,,,
,,,,
,,,,
,,,,
,,,,
,,,,
,,,,
,,,,
,,,,
,,,,
,,,,
,,,,
,,,,
,,,,
,,,,
,,,,
,,,,
,,,,
,,,,
,,,,
,,,,
,,,,
,,,,
,,,,
,,,,
,,,,
,,,,
,,,,
,,,,
,,,,
,,,,
,,,,
,,,,
,,,,
,,,,
,,,,
,,,,
,,,,
,,,,
,,,,
,,,,
,,,,
,,,,
,,,,
,,,,
,,,,
,,,,
,,,,
,,,,
,,,,
,,,,
,,,,
,,,,
,,,,
,,,,
,,,,
,,,,
,,,,
,,,,
,,,,
,,,,
,,,,
,,,,
,,,,
,,,,
,,,,
,,,,
,,,,
,,,,
,,,,
,,,,
,,,,
,,,,
,,,,
,,,,
,,,,
,,,,
,,,,
,,,,
,,,,
,,,,
,,,,
,,,,
,,,,
,,,,
,,,,
,,,,
,,,,
,,,,
,,,,
,,,,
,,,,
,,,,
,,,,
,,,,
,,,,
,,,,
,,,,
,,,,
,,,,
,,,,
,,,,
,,,,
,,,,
,,,,
,,,,
,,,,
,,,,
,,,,
,,,,
,,,,
,,,,
,,,,
,,,,
,,,,
,,,,
,,,,
,,,,
,,,,
,,,,
,,,,
,,,,
,,,,
,,,,
,,,,
,,,,
,,,,
,,,,
,,,,
,,,,
,,,,
,,,,
,,,,
,,,,
,,,,
,,,,
,,,,
,,,,
,,,,
,,,,
,,,,
,,,,
,,,,
,,,,
,,,,
,,,,
,,,,
,,,,
,,,,
,,,,
,,,,
,,,,
,,,,
,,,,
,,,,
,,,,
,,,,
,,,,
,,,,
,,,,
,,,,
,,,,
,,,,
,,,,
,,,,
,,,,
,,,,
,,,,
