war iraq,-0.62060917,64
cluster bomb,-0.483607358,69
cluster,-0.442312937,73
british govern,-0.408555599,56
oil,-0.321382019,93
go war,-0.29095978,82
billion,-0.28998417,50
mani us,-0.26998417,50
bomb,-0.248502689,432
georg,-0.248502689,81
nuclear weapon,-0.245773644,95
bush,-0.24198417,250
drop,-0.237446857,67
court,-0.22998417,104
conserv,-0.22998417,98
american,-0.218722909,444
tell us,-0.216470656,74
authoris,-0.215278288,68
administr,-0.21244031,228
fire,-0.210503651,77
unilater,-0.20998417,50
war,-0.202852387,1290
hous common,-0.200572405,68
chamber,-0.19968114,66
name,-0.199119972,81
opinion,-0.197516638,154
america,-0.185383231,213
prime minister',-0.181597073,93
weapon inspector,-0.180803842,122
pre-empt,-0.177042994,85
listen,-0.176792681,141
labour,-0.172841313,140
human right,-0.168186417,89
inspect,-0.166603888,142
promis,-0.163317503,60
osama bin laden,-0.162973861,97
friend give way,-0.161356719,51
action iraq,-0.158555599,56
minister',-0.154512472,106
presid bush,-0.154226594,132
osama bin,-0.154226594,99
osama,-0.154226594,99
legitim,-0.153712984,59
hon friend give way,-0.14998417,50
tackl,-0.148165988,55
send,-0.147459898,103
minut,-0.146650837,60
parti,-0.145425346,272
upon,-0.145368785,65
bin laden,-0.14507851,212
laden,-0.14507851,212
veto,-0.143777273,87
reflect,-0.143317503,75
liber democrat,-0.142264872,114
persuad,-0.141748876,102
faith,-0.141748876,51
told,-0.141442503,192
friend give,-0.140698456,56
mandat,-0.137391577,54
favour,-0.135781271,69
oppos,-0.134746075,126
common,-0.133209976,124
mani hon,-0.133209976,62
parliament,-0.132581573,154
refer,-0.130810616,242
bin,-0.12998417,235
argu,-0.12998417,130
fall,-0.12998417,65
hon friend give,-0.12998417,55
presid,-0.128358154,369
colleagu,-0.128214258,113
agreement,-0.126809567,126
per cent,-0.126325633,164
treat,-0.126210585,53
consensu,-0.126210585,53
vote,-0.124818118,271
human,-0.124350367,142
cent,-0.123923564,165
worth,-0.123923564,66
per,-0.123047754,173
mani hon member,-0.122841313,56
argument,-0.122678234,219
paus,-0.122141033,51
intent,-0.12046036,105
reduc,-0.120228072,82
regim chang,-0.11959456,77
amend,-0.119457854,95
children,-0.118873059,108
tabl,-0.118873059,72
foreign secretari,-0.118043871,335
courag,-0.118043871,67
british troop,-0.118043871,67
islam,-0.116888932,168
goe,-0.116650837,75
nuclear,-0.116122784,202
seem,-0.114599555,195
hour,-0.114599555,78
deputi,-0.114599555,65
mr speaker,-0.114599555,52
atroc,-0.1137051,86
dossier,-0.112337111,102
15,-0.111802352,55
attempt,-0.110936551,105
moral,-0.11026586,142
share,-0.109069137,153
men women,-0.108362548,74
ignor,-0.10803295,82
parliamentari,-0.107342661,53
invad,-0.107342661,53
extend,-0.107342661,53
foreign,-0.106367934,542
strategi,-0.10498417,104
bench,-0.10498417,72
sometim,-0.103317503,75
target,-0.103189912,209
access,-0.103118498,67
foreign polici,-0.102865526,59
felt,-0.102865526,59
outcom,-0.102865526,59
sought,-0.10253319,51
northern allianc,-0.10253319,51
raf,-0.10253319,51
thank,-0.101779042,156
event 11,-0.101412741,70
stop,-0.100951912,124
examin,-0.100951912,62
entitl,-0.099847184,73
speaker,-0.099732069,119
democrat,-0.099442298,203
event 11 septemb,-0.097631229,68
crime,-0.097072778,79
us,-0.096982748,1406
10,-0.096650837,120
replac,-0.096650837,60
street,-0.096650837,60
die,-0.096320804,101
prime,-0.095809858,872
winter,-0.095368785,52
servic,-0.095297823,271
muslim,-0.095129398,241
hospit,-0.093620534,55
unit state,-0.09326542,768
death,-0.092729268,102
mine,-0.09248417,80
justic,-0.09248417,80
right hon member,-0.092188894,127
prime minist,-0.091095281,756
tell,-0.090499191,233
lack,-0.090449286,86
truth,-0.090449286,86
suggest,-0.08998417,275
public,-0.089534732,267
liber,-0.089100192,181
danger,-0.088536802,304
realli,-0.087127027,98
valu,-0.087127027,70
add,-0.087127027,56
hear,-0.086419814,101
justifi,-0.086419814,101
spoke,-0.086306009,87
hon gentleman give way,-0.085916373,59
speak,-0.085539726,180
cost,-0.08482288,93
lot,-0.08441455,79
brief,-0.08441455,79
motion,-0.084314879,127
europ,-0.083830324,130
regard,-0.082925346,153
union,-0.082365122,105
among,-0.081836022,108
russia,-0.081836022,54
british,-0.081685953,617
kind,-0.081335521,111
concern,-0.080861363,456
map,-0.080861363,57
probabl,-0.07998417,80
member north-east,-0.07998417,60
decid,-0.079677422,163
militari action,-0.07951688,535
road,-0.079040774,106
present,-0.078905033,278
kosovo,-0.078821379,129
chanc,-0.078821379,129
evil,-0.078608023,109
accord,-0.078469018,66
adopt,-0.078469018,66
british peopl,-0.078469018,66
troop,-0.077916043,411
women,-0.077810257,161
former,-0.077810257,92
crimin,-0.077810257,69
consid,-0.076138016,338
perman,-0.075438715,55
convent,-0.074811756,87
missil defenc,-0.074428614,90
massiv,-0.074246465,61
prime minist said,-0.074246465,61
genuin,-0.074070192,93
huge,-0.074070192,93
intern law,-0.07349562,131
wonder,-0.073267752,67
secretari,-0.073196407,1046
march,-0.072841313,70
join,-0.072576763,108
even,-0.071864512,468
minist,-0.071671722,1197
acknowledg,-0.071447585,82
britain,-0.071160641,170
civilian,-0.070791345,223
give way,-0.070791345,223
form,-0.07056388,138
implic,-0.06998417,50
inspector,-0.069885648,406
without,-0.069114605,345
project,-0.068967221,59
surpris,-0.068693847,62
great deal,-0.068693847,62
gentleman give way,-0.068445708,65
throughout,-0.068113666,139
right hon gentleman,-0.067646508,231
substanti,-0.067646508,77
undermin,-0.06748417,80
wish,-0.067333568,249
appli,-0.066940692,92
press,-0.06598417,125
read,-0.065313511,167
ground,-0.065149005,182
base,-0.065119305,185
pakistan,-0.065062704,191
attack,-0.064148759,401
weapon,-0.063317503,1041
feel,-0.063317503,168
thousand,-0.063317503,114
front,-0.063317503,102
spend,-0.063317503,90
worri,-0.063317503,81
popul,-0.063317503,78
compani,-0.063317503,75
list,-0.063317503,63
impact,-0.063317503,63
korea,-0.063317503,60
baghdad,-0.063317503,54
anthrax,-0.063317503,54
go,-0.062441463,761
campaign,-0.062164101,289
evid,-0.060893261,275
confirm,-0.060692831,127
express,-0.060216728,215
damag,-0.05998417,100
might,-0.059463939,346
begin,-0.059325487,167
govern,-0.059137775,1595
central,-0.058931538,76
medic,-0.058931538,76
minist said,-0.058555599,70
despit,-0.058342379,67
appear,-0.05810917,128
alon,-0.05810917,64
constitu,-0.057853022,244
spent,-0.057853022,61
wrong,-0.057570377,174
sent,-0.057256897,55
cold,-0.057256897,55
desper,-0.056907247,52
north korea,-0.056907247,52
rest,-0.055826867,89
secretari state,-0.055698456,525
mani peopl,-0.055285375,83
free,-0.053513582,68
creat,-0.053292441,133
imposs,-0.052564815,62
fact,-0.052414077,428
prison,-0.052018068,59
iraq,-0.0517233,1265
affect,-0.051412741,84
militari forc,-0.051412741,56
hon member,-0.051245852,856
side hous,-0.050738887,53
best,-0.049781124,197
countri,-0.049751612,1204
least,-0.048665489,182
test,-0.048665489,91
hon gentleman give,-0.048165988,66
mention,-0.047903245,173
view,-0.047741179,428
appal,-0.047444487,63
action,-0.047298658,1415
rule,-0.046815853,101
given,-0.046578056,458
mani,-0.046557727,1074
west,-0.04626324,215
link,-0.046223486,117
outsid,-0.045773644,114
consult,-0.045773644,76
associ,-0.045773644,76
talk,-0.045201561,276
polit,-0.044968879,327
coalit,-0.044877787,235
consequ,-0.044798985,216
rogu state,-0.044798985,54
enter,-0.044798985,54
intervent,-0.044669485,143
un,-0.044343808,773
three,-0.043813957,188
militari,-0.04370966,1275
north-east,-0.043417006,67
arm,-0.043115483,495
rout,-0.043027648,115
real,-0.042833332,179
unit,-0.042687753,1842
last week,-0.04248417,112
trade,-0.04248417,96
whether,-0.04236138,509
world,-0.041967641,968
focu,-0.04145958,61
connect,-0.04145958,61
today',-0.040794981,74
often,-0.040328998,116
pleas,-0.040328998,87
capac,-0.040328998,58
came,-0.03998417,100
advanc,-0.03950798,84
remind,-0.039262521,97
event,-0.039011948,288
legal,-0.038807699,136
mission,-0.038807699,68
withdraw,-0.038626145,81
principl,-0.038395385,107
although,-0.037955184,276
destruct,-0.037676478,468
offici,-0.037676478,65
control,-0.037070784,127
hon learn,-0.036553513,137
aspect,-0.036435783,62
mr,-0.036335353,803
sanction,-0.035866523,85
let us,-0.035769294,121
less,-0.035716654,157
record,-0.035539726,108
gentleman give,-0.035539726,72
heard,-0.034552698,197
member,-0.034375388,2004
brought,-0.034331996,115
inevit,-0.034331996,92
TRUE,-0.03398417,125
put,-0.033928486,431
convinc,-0.033781638,79
conclud,-0.033014473,66
offic,-0.032841313,175
state,-0.032686873,2035
gone,-0.032615749,76
conduct,-0.032067503,96
civilian casualti,-0.031870962,53
speech,-0.031679085,295
freedom,-0.031354033,73
enemi,-0.031354033,73
statement,-0.031120534,352
increas,-0.031120534,176
would,-0.031115178,2122
mass,-0.031107766,445
allow,-0.031059439,372
use,-0.031010396,877
fear,-0.030869126,113
ask,-0.030520843,559
mass destruct,-0.030489221,396
11-Sep,-0.030293768,323
weapon mass destruct,-0.02998417,390
expect,-0.02998417,170
democraci,-0.02998417,100
confer,-0.02998417,60
use forc,-0.02998417,60
chemic weapon,-0.02998417,60
sorri,-0.02998417,60
old,-0.02998417,60
deepli,-0.02998417,50
cross,-0.02998417,50
order,-0.029562229,237
blix,-0.028953242,97
weapon mass,-0.028491633,402
behind,-0.028491633,67
seen,-0.028229784,171
extrem,-0.028120816,161
urg,-0.02785651,94
last,-0.027718798,618
hold,-0.027281467,111
casualti,-0.027281467,111
right hon learn,-0.027013873,101
unit nation,-0.026934411,623
young,-0.02685917,64
elect,-0.02685917,64
may,-0.026280466,756
allianc,-0.026280466,108
state intern,-0.026280466,54
leader,-0.026100675,206
east,-0.026088066,385
found,-0.02598417,125
home secretari,-0.025902537,98
staff,-0.025438715,88
whose,-0.025222265,105
total,-0.024855965,78
11,-0.024262099,367
western,-0.024101817,68
deterr,-0.024101817,51
middl east,-0.023562152,327
accept,-0.023317503,450
gulf war,-0.023317503,75
prove,-0.023317503,75
warn,-0.023317503,75
nation,-0.023267046,1057
septemb,-0.023087618,406
receiv,-0.023087618,116
night,-0.023087618,58
defenc,-0.02301965,761
across,-0.022977801,157
aid,-0.022667097,246
iran,-0.022667097,123
dictat,-0.022667097,82
tomorrow,-0.022291862,65
see,-0.022175606,397
describ,-0.021909636,161
land,-0.021650837,144
exactli,-0.021650837,96
man,-0.021650837,96
anoth,-0.021288518,230
sharon,-0.021246306,103
becom,-0.020989461,189
could,-0.020681844,688
half,-0.020306751,62
start,-0.019756897,176
diplomat,-0.019703796,107
take place,-0.019703796,107
middl,-0.019677763,359
case,-0.019521883,411
ahead,-0.019457854,76
mind,-0.019140797,166
threaten,-0.018643964,97
sit,-0.018445708,52
prioriti,-0.018445708,52
rather,-0.018193777,229
believ,-0.018164781,753
appreci,-0.018119763,59
opposit,-0.018050014,243
similar,-0.017655403,73
propos,-0.017163657,195
major,-0.017021207,216
strike,-0.017021207,108
said,-0.017012689,1087
question,-0.016979686,669
right hon,-0.016904001,1185
doubt,-0.016805875,258
posit,-0.016731158,415
second,-0.01667359,293
around,-0.016650837,150
un resolut,-0.016569536,164
yet,-0.015698456,231
famili,-0.015698456,154
rememb,-0.015698456,140
line,-0.015698456,119
altern,-0.015698456,112
earli,-0.015698456,98
newspap,-0.015698456,56
support,-0.015474366,1275
either,-0.014466929,116
intern,-0.014111154,1260
citizen,-0.013934787,81
though,-0.013317503,60
particip,-0.013003038,53
great,-0.012897335,357
comment,-0.012592866,184
solut,-0.012426918,131
right,-0.012407805,1997
pursu,-0.012242235,124
anyon,-0.012035452,117
none,-0.012035452,78
certain,-0.011802352,110
condemn,-0.011674311,71
demonstr,-0.010975906,121
return,-0.010936551,210
observ,-0.010685924,57
correct,-0.010685924,57
kill,-0.010596415,196
one,-0.010548433,1276
suspect,-0.009053937,86
influenc,-0.009053937,86
day,-0.008804545,373
reach,-0.008672695,122
last year,-0.008465183,79
personnel,-0.008465183,79
ministri,-0.008465183,79
reason,-0.00824504,345
document,-0.008179659,133
especi,-0.008179659,133
howev,-0.007902952,788
south,-0.007761948,126
els,-0.007761948,90
never,-0.00751721,227
european,-0.007256897,220
wider,-0.007211893,101
word,-0.007158083,184
scale,-0.006907247,65
global,-0.006907247,65
inde,-0.006650837,300
report,-0.006579915,376
terribl,-0.006579915,94
want,-0.006373059,720
quit,-0.006174646,105
occas,-0.006103573,134
beyond,-0.005846239,87
equal,-0.005846239,87
provis,-0.005846239,58
think,-0.00572588,573
other,-0.005704335,243
uk,-0.005433272,167
interest,-0.005394006,305
extent,-0.005346489,69
possibl,-0.005314566,454
almost,-0.005213528,109
palestin,-0.005213528,109
show,-0.005116445,189
20,-0.00498417,80
offer,-0.004837971,171
pressur,-0.00479333,131
call,-0.004493974,306
jenin,-0.004493974,51
left,-0.004320453,113
still,-0.004231662,299
fight,-0.004177718,186
defeat,-0.004177718,62
rogu,-0.004177718,62
northern,-0.004058244,135
enough,-0.003956773,146
duti,-0.003668381,95
know,-0.003056231,791
peopl,-0.002762573,1778
intellig,-0.002711443,154
yesterday,-0.002711443,143
ministri defenc,-0.002711443,66
west bank,-0.002711443,55
thing,-0.002068976,283
gener,-0.002014821,261
law,-0.001761173,287
sign,-0.0017233,92
held,-0.0017233,92
debat,-0.001571914,718
welcom,-0.001046441,273
dr,-0.001012207,107
articl,-0.000572405,85
time,-0.000532115,1168
subject,-0.00025444,148
un secur council,-0.00025444,74
un secur,-0.00025444,74
european union,-0.00025444,74
state defenc,0.00017456,63
humanitarian,0.000221109,341
lie,0.000352909,89
togeth,0.000512284,141
suffici,0.000785061,78
constitut,0.000785061,52
week,0.000957534,446
legisl,0.001108267,119
relationship,0.001359114,67
contain,0.001723147,123
everyon,0.001723147,82
limit,0.001974593,97
must,0.002221609,1419
prepar,0.002689097,303
demand,0.002774451,116
basi,0.002892542,146
french,0.003349163,135
peopl afghanistan,0.003349163,75
late,0.003349163,60
third,0.003349163,60
separ,0.003349163,60
cover,0.003349163,60
polici,0.003697292,383
like,0.003842078,541
led,0.004058383,94
essenti,0.004058383,94
government',0.004612986,211
object,0.004782855,279
hous,0.004814365,1365
north,0.00482246,181
awar,0.00482246,181
recal,0.004955589,83
york,0.005309948,68
variou,0.005309948,68
money,0.005499701,155
perhap,0.005592753,208
simpli,0.005592753,208
lost,0.005864887,53
give,0.00604935,716
life,0.006126941,144
chairman,0.006126941,72
someon,0.006126941,72
caus,0.006236302,254
iraq',0.006279566,91
far,0.0063172,292
learn,0.006417504,239
innoc,0.006449939,129
success,0.006857935,209
got,0.006857935,76
judgment,0.006857935,76
interven,0.006857935,57
ago,0.007270732,255
conflict,0.007416361,377
risk,0.007572391,221
men,0.007604482,141
get,0.007688414,507
safe,0.007720748,61
health,0.007720748,61
someth,0.007946864,145
engag,0.008235725,191
publish,0.008333587,107
biolog weapon,0.008477368,65
deni,0.008477368,65
within,0.008709297,199
also,0.008925843,789
agre,0.009542242,549
way,0.009654512,941
partner,0.009741857,73
would like,0.009741857,73
unit nation resolut,0.01001583,50
nation resolut,0.01001583,50
impress,0.01001583,50
develop,0.010076992,327
aim,0.010522159,158
sure,0.010540611,343
alreadi,0.010756571,297
term,0.010756571,189
refus,0.010756571,81
humanitarian aid,0.010756571,54
diplomaci,0.011192301,85
wors,0.01139514,58
keep,0.011682497,120
chang,0.011774072,364
amount,0.011951314,93
initi,0.011951314,93
hard,0.011951314,93
franc,0.012283871,97
precis,0.012872973,140
address,0.012872973,140
follow,0.013071386,288
high,0.013135096,109
consider,0.013185229,183
endors,0.013259073,74
today,0.013801681,523
result,0.014063449,168
right hon friend,0.014123574,594
missil,0.014308067,219
intend,0.014696681,94
power,0.014760575,333
involv,0.014883865,341
claim,0.015470375,110
destroy,0.01557796,169
gulf,0.01557796,169
earlier,0.015778542,177
approach,0.015778542,177
soon,0.015778542,59
assembl,0.015778542,59
bodi,0.016047576,63
circumst,0.016208723,197
better,0.016284487,201
light,0.016494703,71
understand,0.016944577,407
repres,0.017142267,174
set,0.01743851,388
sort,0.017588646,103
whole,0.017679381,214
leav,0.017841917,115
current,0.019050579,259
made,0.019218806,941
hussein,0.02001583,640
much,0.02001583,548
recent,0.02001583,308
certainli,0.02001583,244
relat,0.02001583,216
visit,0.02001583,156
open,0.02001583,144
citi,0.02001583,60
institut,0.02001583,56
effect,0.020794646,321
saddam hussein,0.020814552,626
matter,0.0216357,463
place,0.02211667,476
encourag,0.022704002,93
plan,0.022911583,259
guarante,0.023262583,77
identifi,0.023440488,73
defend,0.023440488,73
flood defenc,0.023440488,73
recruit,0.023440488,73
unit kingdom,0.023587259,280
kingdom,0.024464229,281
issu,0.024732811,689
happi,0.024732811,53
middl east peac process,0.024732811,53
east peac process,0.024732811,53
serious,0.025334979,94
murder,0.025571386,90
chemic,0.025697648,176
saw,0.026113391,82
bear,0.026113391,82
alway,0.026426086,234
say,0.026545681,1072
take,0.026562872,1031
lead,0.026629587,189
alli,0.026772587,148
area,0.026960274,288
declar,0.027025176,107
stage,0.027158687,140
will,0.027158687,70
abil,0.027158687,70
situat,0.027195987,383
job,0.027368771,136
morn,0.027591588,66
settlement,0.02782833,128
make,0.02784464,958
hope,0.02796636,566
toward,0.028080346,124
hon,0.028217531,3292
intern terror,0.028349163,120
noth,0.02863652,174
repeat,0.02863652,87
desir,0.029275089,54
middl east peac,0.029275089,54
east peac,0.029275089,54
everyth,0.029509501,79
deserv,0.03001583,50
away,0.030289803,146
sever,0.030346409,121
arm forc,0.030399217,313
thought,0.030432497,192
behalf,0.03057921,71
four,0.030699591,117
next,0.030752026,163
taken,0.031306153,465
action taken,0.031379466,88
happen,0.031426618,482
hon gentleman,0.031705121,663
second resolut,0.031920592,105
1998,0.031920592,63
highli,0.031920592,63
arafat,0.032310912,122
month,0.03251583,320
larg,0.032978793,135
announc,0.032978793,135
friend member,0.033234221,435
saudi,0.03345669,93
consist,0.033652194,110
person,0.033652194,110
move,0.033834925,199
bill,0.033904719,72
six,0.033904719,72
soldier,0.034060774,89
kabul,0.034166773,106
absolut,0.034383646,174
year,0.034584595,858
includ,0.034896782,336
role,0.035167345,264
note,0.035447929,81
battl,0.035447929,81
terror,0.035502556,678
ever,0.035533071,145
measur,0.03564083,192
specif,0.03564083,192
clear,0.035941756,675
gave,0.035973277,94
pass,0.036249596,154
elsewher,0.036249596,77
long,0.03637097,321
rightli,0.03637097,107
sens,0.03637097,107
histori,0.036682497,150
ultim,0.036682497,60
secur council,0.036831973,446
carri,0.037061285,176
turn,0.037311427,159
peac,0.037692598,594
bring,0.037806092,267
fair,0.037872973,56
serv,0.038131772,69
differ,0.038244997,384
million,0.038308513,164
tri,0.039246599,377
particularli,0.039246599,143
along,0.039246599,91
fundament,0.039246599,65
tank,0.039246599,52
new,0.039388524,542
prevent,0.0398571,126
suppli,0.039927334,113
forc,0.040114561,1418
intern develop,0.0402861,74
short,0.0403862,135
armi,0.040507633,183
made clear,0.040507633,122
busi,0.040507633,61
nato,0.040658032,109
home,0.040924921,275
afghanistan,0.041160109,1005
committe,0.041202271,236
greater,0.041202271,118
centr,0.041444401,70
import,0.041630838,613
everi,0.041642128,289
good,0.04175496,276
exercis,0.04175496,92
clearli,0.041945655,228
pay,0.042167729,158
run,0.042743103,110
trust,0.042743103,66
independ,0.042743103,66
went,0.043211706,97
find,0.043250031,269
gentleman,0.043255267,710
part,0.043320915,472
particular,0.043414845,203
point,0.043490008,852
year ago,0.043600736,106
take action,0.043600736,106
conting,0.043600736,53
anyth,0.043928873,115
friend,0.044166396,1501
must also,0.044209378,62
took,0.04445192,133
problem,0.044569401,448
answer,0.044663717,284
opportun,0.044935444,311
number,0.045209628,387
sinc,0.045209628,258
littl,0.045378149,138
complet,0.045378149,138
breach,0.045716765,107
council,0.045877899,522
later,0.04601583,125
biolog,0.046239606,143
leadership,0.046331619,76
request,0.046486418,85
resourc,0.046486418,85
work,0.046524802,613
side,0.046714859,309
enorm,0.046714859,103
first,0.047124264,498
done,0.047793608,360
civil,0.047793608,90
financi,0.047793608,81
shown,0.047793608,63
singl,0.047793608,63
investig,0.047793608,54
process,0.048070693,401
past,0.048496843,316
israel,0.048843807,529
al-qaeda,0.048861984,312
live,0.048927395,294
sustain,0.048963198,95
combat,0.049676847,59
commun,0.049709317,522
whatev,0.049890044,159
prolifer,0.05001583,50
respond,0.050157674,141
idea,0.05023561,91
secondli,0.05023561,91
previou,0.05023561,91
regim,0.050292647,578
final,0.050628075,196
moment,0.050628075,196
mean,0.05126583,352
known,0.05126583,64
back,0.051569228,412
iraqi peopl,0.051834012,55
arab,0.051908834,243
hon friend member,0.051970717,399
iraqi regim,0.052067112,78
futur,0.052624526,299
need,0.052718533,925
isra,0.053007032,341
iraqi,0.05314836,332
occur,0.05314836,83
saddam hussein',0.05314836,83
cannot,0.053277633,466
tonight,0.053349163,120
seek,0.053425968,217
messag,0.053520985,97
come,0.053540734,522
secur,0.053854214,990
act,0.054039499,338
seriou,0.054053389,213
degre,0.054329555,51
terrorist organis,0.054329555,51
dr blix,0.054329555,51
firm,0.054329555,51
head,0.054631215,65
resolut,0.054704825,1045
hand,0.054825957,158
draw,0.054825957,79
commit,0.055730116,392
fail,0.056062342,215
progress,0.056222727,145
air,0.056532684,178
advic,0.056682497,75
45 commando,0.056682497,75
achiev,0.056780536,272
appeal,0.056901076,61
explain,0.057249873,141
decis,0.057455444,414
econom,0.057894618,66
manag,0.057894618,66
hussein',0.058251124,85
well,0.058352763,463
organis,0.058397573,241
discuss,0.058477368,312
notic,0.058477368,52
turkey,0.058477368,52
strong,0.059006656,109
option,0.05907833,128
programm,0.059899098,257
attent,0.06001583,100
main,0.060139287,81
easi,0.060139287,81
two,0.060408843,458
build,0.060556371,148
suffer,0.060713504,129
undertak,0.060713504,86
grate,0.060865503,153
special,0.061060606,67
recognis,0.061505192,235
confid,0.061682497,96
end,0.06199578,399
stand,0.062150661,178
intern commun,0.062223622,308
let,0.063009461,314
12,0.063119278,116
protect,0.063494091,184
saudi arabia,0.063666624,63
lord,0.063666624,63
chemic biolog,0.064133477,68
agenc,0.064887625,195
wait,0.064887625,78
system,0.065337467,171
abl,0.065470375,264
potenti,0.065714755,93
45,0.065714755,93
negoti,0.065790478,142
hon friend,0.066213549,1315
charter,0.066312126,54
difficult,0.066682497,300
arabia,0.06689083,64
maintain,0.067117279,138
rais,0.067313127,222
exampl,0.067830038,183
palestinian,0.068074082,515
reserv,0.068092753,104
care,0.07001583,175
establish,0.07001583,115
water,0.07001583,105
select,0.07001583,90
due,0.07001583,65
impos,0.07001583,50
januari,0.07001583,50
complex,0.07001583,50
provid,0.071646265,368
mani year,0.072647409,76
peopl iraq,0.073046133,66
longer,0.073165436,127
financ,0.073587259,56
week ago,0.073937399,51
arab world,0.073937399,51
long-term,0.073937399,51
respons,0.074097463,490
entir,0.075384958,149
regret,0.076467443,62
necessari,0.077089785,311
natur,0.077708138,156
select committe,0.077708138,78
author,0.078322539,313
meet,0.07862827,209
bank,0.078711482,115
experi,0.078839359,136
sourc,0.078839359,68
shall,0.079194574,414
signific,0.079226356,152
implement,0.07953964,105
assess,0.07953964,84
violenc,0.07953964,84
sir,0.07953964,63
materi,0.08001583,100
context,0.080142412,79
individu,0.080360658,116
1991,0.080360658,58
ireland,0.080360658,58
purpos,0.080826641,111
border,0.08099144,164
safeti,0.081336585,53
neither,0.081336585,53
prefer,0.081336585,53
threat,0.08251583,656
inform,0.083349163,225
contribut,0.083412959,209
2,0.083575152,59
resolut 1441,0.084086182,199
deploy,0.084301544,490
face,0.084508584,345
addit,0.084830645,108
nation secur,0.084830645,81
invit,0.084830645,54
saddam,0.085203387,1093
proceed,0.085400445,65
effort,0.085549811,309
territori,0.08596675,163
hon ladi,0.086917238,71
local,0.087009294,153
failur,0.087323522,104
deal,0.088197648,550
produc,0.088197648,121
key,0.088197648,121
emerg,0.088197648,110
depart,0.088197648,110
small,0.088197648,77
strongli,0.088197648,66
origin,0.088197648,55
task,0.088807776,149
assist,0.088913468,127
neighbour,0.089164766,94
realiti,0.089460274,72
disarma,0.089564702,133
kuwait,0.089687961,61
equip,0.09001583,150
benefit,0.09001583,50
simpl,0.09001583,50
militari oper,0.09001583,50
bomber,0.090240549,89
therefor,0.090643633,223
ta,0.090911352,67
look,0.090961776,296
assur,0.091444401,224
dealt,0.091444401,84
knowledg,0.091444401,56
reservist,0.091444401,56
ladi,0.091933638,73
tribut,0.092445737,107
peac process,0.09302468,113
immedi,0.093186562,164
pay tribut,0.093545242,68
urgent,0.094577234,57
food,0.094874587,177
1441,0.09501583,240
make clear,0.09501583,80
account,0.095190655,143
relief,0.095412655,63
occupi,0.095597225,86
respect,0.095773406,264
step,0.096404719,144
heart,0.096682497,75
elimin,0.096938907,52
requir,0.097134474,295
met,0.097176324,81
conclus,0.097288557,110
right hon friend member,0.097602037,116
unless,0.097602037,116
field,0.097602037,58
gentleman',0.097972819,93
stabil,0.098298658,99
capabl,0.099284123,205
direct,0.100372973,112
taliban,0.102476563,382
strateg,0.103349163,96
network,0.103349163,84
figur,0.103349163,66
point made,0.103349163,60
review,0.104548204,139
condit,0.104967286,103
12 year,0.105836726,67
northern ireland,0.106379466,55
close,0.106617137,153
crisi,0.106750524,147
exist,0.107978793,216
forward,0.108043999,142
region,0.108190104,241
palestinian state,0.109301544,56
skill,0.109301544,56
grow,0.109301544,56
viabl,0.109522003,81
remov,0.11001583,125
period,0.11001583,100
polic,0.11001583,75
wide,0.11001583,50
flood,0.110406709,307
octob,0.11059554,69
nation secur council,0.111285671,63
affair,0.111285671,63
detail,0.11182374,177
continu,0.11186097,607
cours,0.11249793,419
previous,0.113153085,51
monday,0.113153085,51
hon gentleman',0.114460274,90
unit nation secur council,0.114843416,58
introduc,0.114843416,58
reassur,0.114843416,58
pose,0.115086253,142
2000,0.115086253,71
level,0.115470375,110
remain,0.116169676,286
rang,0.116169676,91
lesson,0.116169676,78
mistak,0.116169676,52
afghan,0.117010366,183
prospect,0.117074654,85
unit nation secur,0.117473457,59
threat forc,0.117473457,59
rebuild,0.117473457,59
terrorist,0.117500107,636
ensur,0.117841917,414
play,0.119530393,206
credibl,0.12001583,120
sensibl,0.12001583,60
delay,0.12001583,60
excel,0.12001583,60
enforc,0.12048312,107
refuge,0.120531294,194
help,0.120665181,308
aircraft,0.122288557,88
activ,0.123551184,198
crucial,0.123674367,82
oblig,0.123861984,130
agre hon,0.124561285,55
properli,0.125785061,104
isaf,0.125948033,118
ye,0.127158687,98
environ agenc,0.127158687,84
right hon friend prime,0.127158687,77
group,0.127813995,218
hon friend prime,0.128990189,78
friend prime,0.128990189,78
standard,0.128990189,78
enabl,0.12917076,71
challeng,0.129664953,114
arrang,0.129664953,57
balanc,0.130480946,86
hon friend',0.130775324,79
camp,0.131461613,166
friend',0.13251583,80
british forc,0.13251583,80
insid,0.132760928,51
element,0.132919056,124
depend,0.133029529,73
full,0.133223377,212
right hon friend prime minist,0.134880695,74
vital,0.135184369,89
hon friend prime minist,0.136682497,75
friend prime minist,0.136682497,75
determin,0.137362769,196
proper,0.138868289,122
fund,0.139296876,153
indic,0.139581047,92
realis,0.1401457,77
train,0.1402861,185
commando,0.140983572,124
normal,0.140983572,62
cut,0.141444401,70
avoid,0.142743103,110
critic,0.142897186,118
disarm,0.14501583,144
remark,0.14501583,128
improv,0.14501583,80
oper,0.14630449,679
five,0.148803709,99
command,0.149210461,149
co-oper,0.149412815,199
choic,0.14964546,108
environ,0.15001583,125
fulli,0.152368771,170
compli,0.15373676,172
scheme,0.154631215,104
victim,0.156808283,53
suicid bomber,0.157339774,71
appropri,0.158904719,117
quickli,0.158904719,72
paper,0.158904719,63
secur council resolut,0.159721712,136
council resolut,0.159721712,136
royal,0.163097591,159
readi,0.163458453,122
alongsid,0.163955224,66
difficulti,0.164752672,114
marin,0.167743103,88
suicid,0.169240636,129
resolv,0.171976614,153
obvious,0.172454854,82
support govern,0.172793608,72
deliv,0.173524602,114
educ,0.175676207,53
reconstruct,0.175898183,85
palestinian author,0.177232325,97
emphasis,0.180730116,56
practic,0.181780536,68
saddam',0.182103742,91
taliban regim,0.186682497,72
avail,0.190650751,189
novemb,0.194258254,66
regiment,0.195941756,54
board,0.199840391,57
complianc,0.200571386,72
brigad,0.201050313,58
state israel,0.203349163,60
chapter,0.209409769,66
interim,0.212323522,52
river,0.220996222,102
royal marin,0.229475289,74
grate hon,0.233652194,55
